batter_id,batter_mlbname,batter_mlbid,H,BB,HBP,2B,3B,HR,SF,AB,1B,ba,obp,slg,ops,prob_on_base
605141.0,Mookie Betts,605141.0,180,81,8.0,47,5,32,5.0,520,170,0.34615384615384615,0.4381107491856677,0.7826923076923077,1.2208030568779753,0.3637968
643217.0,Andrew Benintendi,643217.0,168,71,2.0,41,6,16,7.0,579,149,0.29015544041450775,0.36570561456752654,0.540587219343696,0.9062928339112226,0.12895194
434670.0,Hanley Ramirez,434670.0,45,14,2.0,7,0,6,2.0,177,44,0.2542372881355932,0.3128205128205128,0.4632768361581921,0.7760973489787049,-0.04212575
622110.0,Matt Duffy,622110.0,148,47,7.0,22,1,4,2.0,503,131,0.294234592445328,0.3613595706618962,0.3856858846918489,0.7470454553537451,0.15902272
595281.0,Kevin Kiermaier,595281.0,72,25,6.0,12,9,7,2.0,332,76,0.21686746987951808,0.2821917808219178,0.46686746987951805,0.7490592507014359,-0.14980777
460576.0,Carlos Gomez,460576.0,75,25,21.0,15,2,9,0.0,360,71,0.20833333333333334,0.29802955665024633,0.3972222222222222,0.6952517788724686,-0.36559477
502110.0,J.D. Martinez,502110.0,188,69,4.0,37,2,43,7.0,569,196,0.3304042179261863,0.40215716486902925,0.7873462214411248,1.189503386310154,0.250903
593428.0,Xander Bogaerts,593428.0,148,55,6.0,45,3,23,6.0,513,129,0.2884990253411306,0.3603448275862069,0.6237816764132553,0.9841265039994622,0.18306553
646240.0,Rafael Devers,646240.0,108,38,0.0,24,0,21,2.0,450,105,0.24,0.2979591836734694,0.5266666666666666,0.824625850340136,0.05438509
456488.0,Eduardo Nunez,456488.0,127,16,2.0,23,3,10,3.0,480,117,0.26458333333333334,0.2894211576846307,0.44166666666666665,0.7310878243512974,0.030726528
598265.0,Jackie Bradley Jr.,598265.0,111,46,11.0,33,4,13,4.0,474,95,0.23417721518987342,0.31401869158878504,0.47468354430379744,0.7887022358925825,-0.14502145
543877.0,Christian Vazquez,543877.0,52,13,4.0,10,0,3,0.0,251,45,0.20717131474103587,0.2574626865671642,0.30677290836653387,0.5642355949336981,-0.29581603
543068.0,C.J. Cron,543068.0,127,37,17.0,28,1,30,5.0,501,130,0.25349301397205587,0.32321428571428573,0.6167664670658682,0.939980752780154,-0.16484226
467092.0,Wilson Ramos,467092.0,117,32,0.0,22,1,15,2.0,382,111,0.306282722513089,0.3581730769230769,0.5706806282722513,0.9288537051953283,0.094820715
452655.0,Denard Span,452655.0,114,51,6.0,22,7,11,7.0,437,110,0.2608695652173913,0.3413173652694611,0.5011441647597255,0.8424615300291866,0.050560467
588751.0,Adeiny Hechavarria,588751.0,73,16,0.0,11,0,6,7.0,296,68,0.24662162162162163,0.27899686520376177,0.38513513513513514,0.6641320003388969,-0.17719999
621002.0,Daniel Robertson,621002.0,74,43,13.0,16,0,9,2.0,282,67,0.2624113475177305,0.38235294117647056,0.4787234042553192,0.8610763454317898,0.057911217
543543.0,Brad Miller,543543.0,57,22,0.0,13,2,7,2.0,230,53,0.24782608695652175,0.3110236220472441,0.49130434782608695,0.802327969873331,-0.10436024
621563.0,Joey Wendle,621563.0,146,37,9.0,33,6,7,10.0,487,126,0.2997946611909651,0.35359116022099446,0.4887063655030801,0.8422975257240746,0.10230997
664023.0,Ian Happ,664023.0,90,70,3.0,19,2,15,2.0,387,88,0.23255813953488372,0.3528138528138528,0.49612403100775193,0.8489378838216047,-0.048699457
592178.0,Kris Bryant,592178.0,106,48,17.0,28,3,13,3.0,389,94,0.27249357326478146,0.3741794310722101,0.5424164524421594,0.9165958835143695,0.051530287
519203.0,Anthony Rizzo,519203.0,160,70,20.0,29,1,25,9.0,566,157,0.2826855123674912,0.37593984962406013,0.5618374558303887,0.9377773054544488,0.08254741
575929.0,Willson Contreras,575929.0,118,53,13.0,27,5,10,2.0,474,106,0.2489451476793249,0.33948339483394835,0.45358649789029537,0.7930698927242437,-0.021704588
656941.0,Kyle Schwarber,656941.0,102,78,1.0,14,3,26,2.0,428,117,0.2383177570093458,0.3555992141453831,0.602803738317757,0.9584029524631401,-0.057737585
608365.0,Addison Russell,608365.0,105,40,2.0,21,1,5,2.0,420,90,0.25,0.3168103448275862,0.36904761904761907,0.6858579638752053,-0.12882496
518792.0,Jason Heyward,518792.0,119,42,2.0,23,4,8,2.0,440,108,0.27045454545454545,0.33539094650205764,0.45,0.7853909465020577,0.0036303755
595879.0,Javier Baez,595879.0,176,29,5.0,40,9,34,4.0,606,179,0.29042904290429045,0.32608695652173914,0.6963696369636964,1.0224565934854355,-0.053436883
621446.0,Lewis Brinson,621446.0,76,17,4.0,10,5,11,2.0,382,82,0.19895287958115182,0.23950617283950618,0.4214659685863874,0.6609721414258936,-0.30806804
518618.0,Derek Dietrich,518618.0,132,29,21.0,26,2,16,2.0,499,124,0.26452905811623245,0.33030852994555354,0.49298597194388777,0.8232945018894413,-0.027550042
516770.0,Starlin Castro,516770.0,165,48,0.0,32,2,12,6.0,593,147,0.2782462057335582,0.32921174652241114,0.4468802698145025,0.7760920163369136,0.11283659
571506.0,Justin Bour,571506.0,96,73,2.0,13,1,20,3.0,423,104,0.22695035460992907,0.3413173652694611,0.5035460992907801,0.8448634645602412,0.13002157
605119.0,Brian Anderson,605119.0,161,62,16.0,34,4,11,2.0,590,142,0.27288135593220336,0.3567164179104478,0.45084745762711864,0.8075638755375665,0.11869661
500743.0,Miguel Rojas,500743.0,123,24,9.0,13,0,11,4.0,488,121,0.2520491803278688,0.29714285714285715,0.39139344262295084,0.688536299765808,-0.18398026
457727.0,Cameron Maybin,457727.0,85,38,2.0,14,2,4,2.0,342,77,0.24853801169590642,0.3255208333333333,0.3713450292397661,0.6968658625730995,0.13230631
600303.0,Tommy La Stella,600303.0,45,17,2.0,8,0,1,0.0,169,38,0.26627218934911245,0.3404255319148936,0.3431952662721893,0.683620798187083,-0.020611428
546991.0,Albert Almora,546991.0,127,24,3.0,24,1,5,6.0,444,109,0.28603603603603606,0.3228511530398323,0.40540540540540543,0.7282565584452377,0.15485546
660162.0,Yoan Moncada,660162.0,136,67,1.0,32,6,17,2.0,578,127,0.23529411764705882,0.3148148148148148,0.47923875432525953,0.7940535691400743,-0.14879441
541645.0,Avisail Garcia,541645.0,84,20,4.0,11,2,19,5.0,356,94,0.23595505617977527,0.2805194805194805,0.5561797752808989,0.8366992558003794,-0.25113788
547989.0,Jose Abreu,547989.0,132,37,11.0,36,1,22,6.0,499,119,0.26452905811623245,0.325497287522604,0.5651302605210421,0.8906275480436461,0.120821476
445055.0,Jon Jay,445055.0,141,33,18.0,19,7,3,3.0,527,132,0.2675521821631879,0.3304647160068847,0.38519924098671726,0.715663956993602,-0.07587669
593160.0,Whit Merrifield,593160.0,192,61,6.0,43,3,12,6.0,632,164,0.3037974683544304,0.36737588652482267,0.48575949367088606,0.8531353801957087,0.24793805
519058.0,Mike Moustakas,519058.0,144,49,7.0,33,1,28,6.0,573,140,0.2513089005235602,0.31496062992125984,0.5602094240837696,0.8751700540050295,0.002020737
446263.0,Lucas Duda,446263.0,79,28,8.0,14,1,14,3.0,328,80,0.24085365853658536,0.3133514986376022,0.5091463414634146,0.8224978401010168,-0.10477286
596144.0,Cheslor Cuthbert,596144.0,20,11,2.0,2,0,3,1.0,103,21,0.1941747572815534,0.28205128205128205,0.3592233009708738,0.6412745830221558,-0.22058356
624585.0,Jorge Soler,624585.0,59,28,4.0,18,0,9,2.0,223,50,0.2645739910313901,0.3540856031128405,0.547085201793722,0.9011708049065625,-0.07639449
460086.0,Alex Gordon,460086.0,124,50,10.0,24,0,13,2.0,506,113,0.2450592885375494,0.323943661971831,0.4209486166007905,0.7448922785726215,0.06462923
444876.0,Alcides Escobar,444876.0,112,29,5.0,22,3,4,4.0,485,97,0.2309278350515464,0.27915869980879543,0.3422680412371134,0.6214267410459089,-0.073229775
571602.0,Matt Davidson,571602.0,99,52,7.0,23,0,20,3.0,434,96,0.22811059907834103,0.3185483870967742,0.511520737327189,0.8300691244239631,0.013799655
547170.0,Nicky Delmonico,547170.0,61,27,6.0,11,5,8,1.0,284,63,0.2147887323943662,0.29559748427672955,0.4647887323943662,0.7603862166710957,-0.11830217
456078.0,Welington Castillo,456078.0,44,9,2.0,7,0,6,0.0,170,43,0.25882352941176473,0.30386740331491713,0.4764705882352941,0.7803379915502112,-0.08397402
641313.0,Tim Anderson,641313.0,136,30,4.0,28,3,20,3.0,567,131,0.23985890652557318,0.2814569536423841,0.48677248677248675,0.7682294404148708,-0.28897062
460077.0,Drew Butera,460077.0,31,15,2.0,9,0,3,2.0,163,25,0.1901840490797546,0.26373626373626374,0.3374233128834356,0.6011595766196993,-0.11704683
570560.0,Yolmer Sanchez,570560.0,145,49,8.0,34,10,8,3.0,600,129,0.24166666666666667,0.30606060606060603,0.43166666666666664,0.7377272727272727,0.09891634
641553.0,Adam Engel,641553.0,101,18,8.0,17,4,6,1.0,429,94,0.23543123543123542,0.27850877192982454,0.3822843822843823,0.6607931542142068,-0.120199524
544725.0,Leury Garcia,544725.0,70,9,3.0,7,4,4,1.0,258,71,0.2713178294573643,0.3025830258302583,0.437984496124031,0.7405675219542893,-0.06309847
596019.0,Francisco Lindor,596019.0,183,70,8.0,42,2,38,3.0,661,181,0.27685325264750377,0.35175202156334234,0.6399394856278366,0.9916915071911789,0.005647527
543401.0,Jason Kipnis,543401.0,122,60,7.0,28,1,18,3.0,530,113,0.23018867924528302,0.315,0.46037735849056605,0.7753773584905661,-0.13223284
608070.0,Jose Ramirez,608070.0,156,106,8.0,38,4,39,6.0,578,161,0.2698961937716263,0.3868194842406877,0.7006920415224913,1.0875115257631789,-0.06346024
543829.0,Dee Gordon,543829.0,149,9,9.0,17,8,4,5.0,556,144,0.26798561151079137,0.28842832469775476,0.3920863309352518,0.6805146556330066,-0.080688395
516416.0,Jean Segura,516416.0,178,32,4.0,29,3,10,6.0,586,162,0.3037542662116041,0.34076433121019106,0.4590443686006826,0.7998086998108737,0.29123718
429664.0,Robinson Cano,429664.0,94,32,4.0,22,0,10,2.0,310,82,0.3032258064516129,0.3735632183908046,0.535483870967742,0.9090470893585465,0.2060226
443558.0,Nelson Cruz,443558.0,133,55,14.0,18,1,37,3.0,519,153,0.25626204238921,0.34179357021996615,0.6551059730250481,0.9968995432450143,-0.15459923
572122.0,Kyle Seager,572122.0,129,38,5.0,36,1,22,4.0,583,116,0.22126929674099485,0.273015873015873,0.47855917667238423,0.7515750496882572,-0.26048774
475174.0,Yonder Alonso,475174.0,129,51,2.0,19,0,23,5.0,516,133,0.25,0.3170731707317073,0.5096899224806202,0.8267630932123275,-0.13029745
543228.0,Yan Gomes,543228.0,107,21,8.0,26,0,16,3.0,403,97,0.2655086848635236,0.31264367816091954,0.5285359801488834,0.8411796583098029,0.015718823
571980.0,Tyler Naquin,571980.0,46,6,2.0,7,0,3,1.0,174,42,0.26436781609195403,0.29508196721311475,0.39080459770114945,0.6858865649142643,0.24733283
571745.0,Mitch Haniger,571745.0,170,70,10.0,38,4,26,7.0,596,162,0.28523489932885904,0.36603221083455345,0.5939597315436241,0.9599919423781775,0.015783746
592387.0,Ryon Healy,592387.0,116,27,2.0,15,0,24,2.0,493,125,0.23529411764705882,0.2767175572519084,0.5091277890466531,0.7858453462985615,-0.13287899
605548.0,Bradley Zimmer,605548.0,24,7,1.0,5,0,2,0.0,106,21,0.22641509433962265,0.2807017543859649,0.36792452830188677,0.6486262826878517,-0.17256539
429665.0,Edwin Encarnacion,429665.0,123,63,8.0,16,1,32,7.0,500,140,0.246,0.3356401384083045,0.606,0.9416401384083044,-0.01672911
628338.0,Guillermo Heredia,628338.0,69,32,4.0,14,1,5,2.0,292,61,0.2363013698630137,0.3181818181818182,0.3835616438356164,0.7017434620174345,-0.031343963
453568.0,Charlie Blackmon,453568.0,182,59,8.0,31,7,29,2.0,626,187,0.29073482428115016,0.35827338129496406,0.6166134185303515,0.9748867998253155,0.25489983
518934.0,DJ LeMahieu,518934.0,147,37,2.0,32,2,15,7.0,533,132,0.275797373358349,0.32124352331606215,0.4915572232645403,0.8128007465806024,-0.055655405
571448.0,Nolan Arenado,571448.0,175,73,3.0,38,2,38,6.0,590,177,0.2966101694915254,0.37351190476190477,0.6966101694915254,1.07012207425343,0.21396269
596115.0,Trevor Story,596115.0,174,47,7.0,42,6,37,4.0,598,175,0.2909698996655518,0.3475609756097561,0.7107023411371237,1.0582633167468798,0.012984911
471865.0,Carlos Gonzalez,471865.0,128,37,1.0,32,4,16,3.0,463,116,0.27645788336933047,0.32936507936507936,0.5529157667386609,0.8822808461037404,-0.045175415
444482.0,David Peralta,444482.0,164,48,4.0,25,5,30,2.0,560,174,0.29285714285714287,0.3517915309446254,0.6410714285714286,0.9928629595160541,0.010059503
572041.0,A.J. Pollock,572041.0,106,31,8.0,21,5,21,7.0,413,111,0.2566585956416465,0.3159041394335512,0.6101694915254238,0.926073630958975,-0.0056026955
502671.0,Paul Goldschmidt,502671.0,172,90,6.0,35,5,33,0.0,593,175,0.2900505902192243,0.3889695210449927,0.6610455311973018,1.0500150522422946,0.1785736
571875.0,Jake Lamb,571875.0,46,26,1.0,8,0,6,4.0,207,44,0.2222222222222222,0.3067226890756303,0.4057971014492754,0.7125197905249057,0.014511947
606466.0,Ketel Marte,606466.0,135,54,3.0,26,12,14,2.0,520,135,0.25961538461538464,0.3316062176165803,0.5365384615384615,0.8681446791550418,0.07164966
488671.0,Alex Avila,488671.0,32,37,1.0,6,0,7,2.0,194,33,0.16494845360824742,0.29914529914529914,0.37628865979381443,0.6754339589391136,-0.32092232
605113.0,Nick Ahmed,605113.0,121,40,2.0,33,5,16,5.0,516,109,0.23449612403100775,0.2895204262877442,0.49224806201550386,0.7817684883032481,-0.20524052
435622.0,Ian Desmond,435622.0,131,53,6.0,21,8,22,4.0,555,140,0.23603603603603604,0.3074433656957929,0.5297297297297298,0.8371730954255227,-0.18500495
467827.0,Gerardo Parra,467827.0,114,32,5.0,17,0,6,3.0,401,103,0.28428927680798005,0.3424036281179138,0.4014962593516209,0.7438998874695347,0.07941765
455104.0,Chris Iannetta,455104.0,67,50,7.0,13,1,11,3.0,299,66,0.22408026755852842,0.34540389972144847,0.46488294314381273,0.8102868428652612,-0.18178284
502481.0,Jarrod Dyson,502481.0,39,27,0.0,4,2,2,1.0,206,39,0.18932038834951456,0.28205128205128205,0.2961165048543689,0.578167786905651,-0.42750797
572008.0,Chris Owings,572008.0,58,24,2.0,15,0,4,2.0,281,47,0.20640569395017794,0.27184466019417475,0.3309608540925267,0.6028055142867015,-0.13680446
518614.0,Daniel Descalso,518614.0,83,64,2.0,22,4,13,7.0,349,78,0.23782234957020057,0.35308056872037913,0.5329512893982808,0.8860318581186599,0.09259946
641857.0,Ryan McMahon,641857.0,42,18,2.0,9,1,5,1.0,181,39,0.23204419889502761,0.3069306930693069,0.4419889502762431,0.7489196433455501,-0.062954344
543807.0,George Springer,543807.0,144,64,5.0,26,0,22,3.0,544,140,0.2647058823529412,0.3457792207792208,0.5147058823529411,0.8604851031321619,0.063337594
608324.0,Alex Bregman,608324.0,170,96,12.0,51,1,31,3.0,594,151,0.28619528619528617,0.3943262411347518,0.6397306397306397,1.0340568808653914,0.1291079
514888.0,Jose Altuve,514888.0,169,55,6.0,29,2,13,1.0,534,155,0.31647940074906367,0.3859060402684564,0.5074906367041199,0.8933966769725763,0.31308645
621043.0,Carlos Correa,621043.0,96,53,2.0,20,1,15,11.0,402,92,0.23880597014925373,0.32264957264957267,0.48507462686567165,0.8077241995152443,-0.02965556
503556.0,Marwin Gonzalez,503556.0,121,53,3.0,25,3,16,2.0,489,115,0.2474437627811861,0.3235831809872029,0.4867075664621677,0.8102907474493706,0.09690635
592261.0,Delino DeShields,592261.0,72,43,3.0,14,1,2,1.0,334,61,0.2155688622754491,0.30971128608923887,0.2994011976047904,0.6091124836940293,-0.22063501
608336.0,Joey Gallo,608336.0,103,74,3.0,24,1,40,0.0,500,120,0.206,0.3119584055459272,0.662,0.9739584055459272,-0.092799194
462101.0,Elvis Andrus,462101.0,101,28,3.0,20,3,6,2.0,395,90,0.25569620253164554,0.308411214953271,0.41265822784810124,0.7210694428013722,0.07394766
502210.0,Josh Reddick,502210.0,105,49,0.0,13,2,17,2.0,433,111,0.24249422632794457,0.3181818181818182,0.48729792147806006,0.8054797396598783,-0.037779417
594828.0,Evan Gattis,594828.0,92,33,3.0,17,0,25,8.0,407,100,0.22604422604422605,0.2838137472283814,0.5749385749385749,0.8587523221669563,-0.21749474
545350.0,Jake Marisnick,545350.0,45,15,4.0,8,1,10,1.0,213,48,0.2112676056338028,0.27467811158798283,0.5023474178403756,0.7770255294283585,-0.23341767
134181.0,Adrian Beltre,134181.0,118,34,6.0,23,1,15,8.0,433,111,0.27251732101616627,0.3284823284823285,0.5080831408775982,0.8365654693599267,-0.049281776
608577.0,Nomar Mazara,608577.0,126,40,4.0,25,1,20,3.0,489,122,0.25766871165644173,0.31716417910447764,0.5214723926380368,0.8386365717425144,0.045370832
425783.0,Shin-Soo Choo,425783.0,148,92,10.0,30,1,21,2.0,560,140,0.2642857142857143,0.37650602409638556,0.5125,0.8890060240963855,0.019438243
455139.0,Robinson Chirinos,455139.0,80,45,19.0,15,1,18,2.0,360,84,0.2222222222222222,0.3380281690140845,0.525,0.8630281690140845,-0.16113165
435263.0,Brian McCann,435263.0,40,19,6.0,3,0,7,2.0,189,44,0.21164021164021163,0.30092592592592593,0.4126984126984127,0.7136243386243386,-0.23319232
596059.0,Rougned Odor,596059.0,120,43,11.0,23,2,18,5.0,474,117,0.25316455696202533,0.32645403377110693,0.5084388185654009,0.8348928523365078,-0.18403107
607387.0,Ryan Rua,607387.0,27,5,0.0,3,1,6,1.0,139,31,0.19424460431654678,0.2206896551724138,0.460431654676259,0.6811213098486728,-0.32690546
446359.0,Zack Cozart,446359.0,49,19,7.0,13,2,5,3.0,224,43,0.21875,0.2964426877470356,0.42410714285714285,0.7205498306041784,-0.20926106
545361.0,Mike Trout,545361.0,147,122,10.0,24,4,39,4.0,471,166,0.31210191082802546,0.4596375617792422,0.8110403397027601,1.2706779014820024,0.2888843
457708.0,Justin Upton,457708.0,137,64,10.0,18,1,30,6.0,533,150,0.2570356472795497,0.3442088091353997,0.5797373358348968,0.9239461449702966,-0.03410948
459964.0,Matt Joyce,459964.0,43,35,1.0,9,0,7,2.0,207,41,0.20772946859903382,0.3224489795918367,0.42028985507246375,0.7427388346643005,-0.31012085
543760.0,Marcus Semien,543760.0,161,61,1.0,35,2,15,7.0,632,143,0.254746835443038,0.3181169757489301,0.44145569620253167,0.7595726719514617,-0.13878576
501981.0,Khris Davis,501981.0,142,59,12.0,28,1,48,7.0,576,163,0.2465277777777778,0.3256880733944954,0.71875,1.0444380733944953,-0.21730743
621566.0,Matt Olson,621566.0,143,70,8.0,33,0,29,2.0,580,139,0.24655172413793103,0.33484848484848484,0.553448275862069,0.8882967607105539,0.065098785
405395.0,Albert Pujols,405395.0,114,28,2.0,20,0,19,3.0,465,113,0.24516129032258063,0.2891566265060241,0.4924731182795699,0.781629744785594,-0.1157648
594777.0,Kole Calhoun,594777.0,102,53,1.0,18,2,19,6.0,491,105,0.20773930753564154,0.2831215970961887,0.45417515274949083,0.7372967498456795,-0.35141265
592743.0,Andrelton Simmons,592743.0,162,35,5.0,26,5,11,5.0,554,152,0.2924187725631769,0.337228714524207,0.4747292418772563,0.8119579564014633,0.19259627
472528.0,Luis Valbuena,472528.0,53,19,1.0,9,0,9,2.0,266,53,0.19924812030075187,0.2534722222222222,0.40225563909774437,0.6557278613199666,-0.28699708
660271.0,Shohei Ohtani,660271.0,93,37,2.0,21,2,22,1.0,326,96,0.2852760736196319,0.36065573770491804,0.7116564417177914,1.0723121794227095,0.12432845
455117.0,Martin Maldonado,455117.0,84,16,11.0,18,1,9,2.0,373,76,0.225201072386059,0.27611940298507465,0.40482573726541554,0.6809451402504902,-0.037119042
572039.0,Stephen Piscotty,572039.0,146,42,12.0,41,0,27,5.0,546,132,0.2673992673992674,0.3305785123966942,0.5897435897435898,0.920322102140284,-0.062621415
656305.0,Matt Chapman,656305.0,152,58,9.0,42,6,24,2.0,547,140,0.27787934186471663,0.3555194805194805,0.6179159049360147,0.9734353854554951,0.018177941
518960.0,Jonathan Lucroy,518960.0,100,29,3.0,21,1,4,6.0,415,84,0.24096385542168675,0.2913907284768212,0.3493975903614458,0.640788318838267,-0.028060326
476704.0,Jed Lowrie,476704.0,159,78,3.0,37,1,23,3.0,596,146,0.26677852348993286,0.35294117647058826,0.5285234899328859,0.8814646664034742,0.069034256
456715.0,Lorenzo Cain,456715.0,166,71,8.0,25,2,10,2.0,539,153,0.3079777365491651,0.3951612903225806,0.4619666048237477,0.8571278951463284,0.30213317
592885.0,Christian Yelich,592885.0,187,68,7.0,34,7,36,2.0,574,196,0.32578397212543553,0.402457757296467,0.7473867595818815,1.1498445168783484,0.24312957
460075.0,Ryan Braun,460075.0,103,34,2.0,25,1,20,3.0,405,99,0.254320987654321,0.3130630630630631,0.5728395061728395,0.8859025692359026,0.08581788
622534.0,Manuel Margot,622534.0,117,32,2.0,26,8,8,7.0,477,107,0.24528301886792453,0.2915057915057915,0.45073375262054505,0.7422395441263365,-0.12090619
571976.0,Wil Myers,571976.0,79,30,0.0,25,1,11,1.0,312,66,0.2532051282051282,0.3177842565597668,0.5224358974358975,0.8402201539956642,0.11854941
543333.0,Eric Hosmer,543333.0,155,62,1.0,31,2,18,1.0,613,144,0.2528548123980424,0.32200886262924666,0.4632952691680261,0.7853041317972728,-0.02332168
543768.0,Travis Shaw,543768.0,120,78,4.0,23,0,32,6.0,498,129,0.24096385542168675,0.3447098976109215,0.608433734939759,0.9531436325506806,-0.046077225
570267.0,Domingo Santana,570267.0,56,20,1.0,14,1,5,3.0,211,48,0.26540284360189575,0.3276595744680851,0.46919431279620855,0.7968538872642936,-0.21333651
444489.0,Manny Pina,444489.0,77,21,5.0,13,2,9,4.0,306,75,0.25163398692810457,0.30654761904761907,0.4673202614379085,0.7738678804855276,0.006794858
517369.0,Jose Pirela,517369.0,109,30,3.0,23,2,5,2.0,438,93,0.24885844748858446,0.30021141649048627,0.3767123287671233,0.6769237452576096,0.047242917
641319.0,Carlos Asuaje,641319.0,37,24,1.0,8,1,2,3.0,189,32,0.19576719576719576,0.2857142857142857,0.31216931216931215,0.5978835978835979,-0.29854667
520471.0,Freddy Galvis,520471.0,149,45,2.0,31,5,13,6.0,602,136,0.24750830564784054,0.29923664122137406,0.44019933554817275,0.7394359767695469,-0.014266139
542340.0,Jonathan Villar,542340.0,121,41,5.0,14,1,14,2.0,466,122,0.259656652360515,0.32490272373540857,0.44849785407725323,0.7734005778126618,0.10985973
606115.0,Orlando Arcia,606115.0,82,15,1.0,16,0,3,1.0,348,69,0.23563218390804597,0.2684931506849315,0.32471264367816094,0.5932057943630924,-0.15280288
595978.0,Austin Hedges,595978.0,70,21,1.0,14,2,14,1.0,303,72,0.23102310231023102,0.2822085889570552,0.5346534653465347,0.8168620543035898,-0.28504068
592669.0,Hunter Renfroe,592669.0,100,30,3.0,23,1,26,5.0,403,104,0.24813895781637718,0.30158730158730157,0.6377171215880894,0.9393044231753909,-0.16400847
519346.0,Eric Thames,519346.0,54,29,2.0,10,3,16,0.0,247,63,0.21862348178137653,0.3057553956834532,0.631578947368421,0.9373343430518742,-0.12510508
542583.0,Jesus Aguilar,542583.0,135,58,6.0,25,0,35,10.0,492,145,0.27439024390243905,0.35159010600706714,0.6808943089430894,1.0324844149501566,0.04078962
605486.0,Cory Spangenberg,605486.0,70,25,2.0,9,4,7,0.0,298,72,0.2348993288590604,0.29846153846153844,0.436241610738255,0.7347031491997935,-0.09268815
596847.0,Ji-Man Choi,596847.0,50,26,3.0,14,1,10,2.0,190,47,0.2631578947368421,0.3574660633484163,0.6210526315789474,0.9785186949273637,0.07749561
541650.0,Hernan Perez,541650.0,80,17,0.0,11,2,9,1.0,316,80,0.25316455696202533,0.2904191616766467,0.45569620253164556,0.7461153642082923,0.059356667
572821.0,Brian Dozier,572821.0,119,70,4.0,30,2,21,5.0,553,112,0.21518987341772153,0.30537974683544306,0.47377938517179025,0.7791591320072333,-0.10159486
408045.0,Joe Mauer,408045.0,137,51,2.0,27,1,6,3.0,486,117,0.28189300411522633,0.3505535055350554,0.4074074074074074,0.7579609129424627,0.16202769
593934.0,Miguel Sano,593934.0,53,31,0.0,14,0,13,2.0,266,52,0.19924812030075187,0.2809364548494983,0.49624060150375937,0.7771770563532576,-0.12162191
448801.0,Chris Davis,448801.0,79,41,7.0,12,0,16,4.0,470,83,0.16808510638297872,0.24329501915708812,0.3638297872340426,0.6071248063911308,-0.33552045
592518.0,Manny Machado,592518.0,188,70,2.0,35,3,37,5.0,632,193,0.2974683544303797,0.36671368124118475,0.6645569620253164,1.031270643266501,0.046393387
570731.0,Jonathan Schoop,570731.0,110,19,4.0,22,1,21,4.0,473,110,0.23255813953488372,0.266,0.5095137420718816,0.7755137420718816,-0.27366054
430945.0,Adam Jones,430945.0,163,24,5.0,35,0,15,4.0,580,143,0.2810344827586207,0.3132137030995106,0.4706896551724138,0.7839033582719244,0.119519204
592696.0,Eddie Rosario,592696.0,161,30,0.0,31,2,24,2.0,559,156,0.2880143112701252,0.32318104906937395,0.5724508050089445,0.8956318540783185,-0.060106713
489149.0,Logan Morrison,489149.0,59,34,6.0,13,0,15,1.0,318,61,0.18553459119496854,0.2757660167130919,0.46226415094339623,0.7380301676564882,-0.2740328
500871.0,Eduardo Escobar,500871.0,154,52,5.0,48,3,23,8.0,566,132,0.27208480565371024,0.33438985736925514,0.5812720848056537,0.9156619421749088,0.09034162
641820.0,Trey Mancini,641820.0,141,44,5.0,23,3,24,5.0,582,145,0.2422680412371134,0.29874213836477986,0.5085910652920962,0.8073332036568761,-0.07187214
542921.0,Tim Beckham,542921.0,85,27,3.0,17,0,12,2.0,369,80,0.23035230352303523,0.286783042394015,0.43902439024390244,0.7258074326379174,-0.28602073
476883.0,Pedro Alvarez,476883.0,20,16,0.0,2,0,8,0.0,111,26,0.18018018018018017,0.28346456692913385,0.5585585585585585,0.8420231254876924,-0.20341678
502226.0,Craig Gentry,502226.0,42,11,1.0,5,2,1,0.0,156,40,0.2692307692307692,0.32142857142857145,0.38461538461538464,0.7060439560439561,-0.13978636
596146.0,Max Kepler,596146.0,119,71,5.0,30,4,20,3.0,532,113,0.2236842105263158,0.3191489361702128,0.4981203007518797,0.8172692369220924,-0.0796312
543376.0,Caleb Joseph,543376.0,58,10,3.0,14,2,3,1.0,265,49,0.2188679245283019,0.25448028673835127,0.3584905660377358,0.6129708527760871,-0.38875225
543257.0,Robbie Grossman,543257.0,108,60,2.0,27,1,5,5.0,396,87,0.2727272727272727,0.367170626349892,0.41414141414141414,0.7813120404913061,0.19081719
502143.0,Danny Valencia,502143.0,67,22,0.0,8,1,9,5.0,255,69,0.2627450980392157,0.31560283687943264,0.48627450980392156,0.8018773466833542,-0.16360548
534606.0,Ryan LaMarre,534606.0,46,10,2.0,11,0,2,3.0,165,37,0.2787878787878788,0.32222222222222224,0.40606060606060607,0.7282828282828283,0.0027086108
592450.0,Aaron Judge,592450.0,115,76,4.0,22,0,27,5.0,413,120,0.2784503631961259,0.39156626506024095,0.6585956416464891,1.05016190670673,0.06705292
519317.0,Giancarlo Stanton,519317.0,164,70,8.0,34,1,38,10.0,617,169,0.26580226904376014,0.3432624113475177,0.6353322528363047,0.9785946641838223,-0.0701165
596142.0,Gary Sanchez,596142.0,60,46,3.0,17,0,18,2.0,323,61,0.18575851393188855,0.2914438502673797,0.5170278637770898,0.8084717140444695,-0.30885714
543305.0,Aaron Hicks,543305.0,119,90,3.0,18,3,27,6.0,480,131,0.24791666666666667,0.36614853195164077,0.5916666666666667,0.9578151986183074,-0.06470224
581527.0,Devon Travis,581527.0,83,16,5.0,14,3,11,0.0,357,83,0.23249299719887956,0.2751322751322751,0.45938375350140054,0.7345160286336756,-0.20083804
518626.0,Josh Donaldson,518626.0,46,31,0.0,14,0,8,1.0,187,40,0.24598930481283424,0.3515981735159817,0.5347593582887701,0.8863575318047519,-0.03860653
475253.0,Justin Smoak,475253.0,122,83,3.0,34,0,25,3.0,505,113,0.24158415841584158,0.3501683501683502,0.5564356435643565,0.9066039937327066,0.025842413
434158.0,Curtis Granderson,434158.0,83,54,4.0,22,2,13,1.0,343,76,0.24198250728862974,0.35074626865671643,0.5189504373177842,0.8696967059745007,0.12444506
434778.0,Kendrys Morales,434778.0,103,50,3.0,15,0,21,5.0,413,109,0.24939467312348668,0.33121019108280253,0.5399515738498789,0.8711617649326815,-0.14967056
544369.0,Didi Gregorius,544369.0,135,48,7.0,23,5,27,9.0,504,144,0.26785714285714285,0.3345070422535211,0.621031746031746,0.9555387882852672,-0.0076867715
435522.0,Neil Walker,435522.0,76,42,5.0,12,1,11,4.0,347,76,0.21902017291066284,0.30904522613065327,0.42363112391930835,0.7326763500499616,-0.035985753
545341.0,Randal Grichuk,545341.0,104,27,8.0,32,1,25,3.0,424,98,0.24528301886792453,0.3008658008658009,0.625,0.925865800865801,0.028508209
431145.0,Russell Martin,431145.0,56,56,7.0,8,0,10,0.0,289,58,0.19377162629757785,0.3380681818181818,0.3944636678200692,0.732531849638251,-0.20227441
607680.0,Kevin Pillar,607680.0,129,18,6.0,40,2,15,6.0,512,106,0.251953125,0.2822878228782288,0.4921875,0.7744753228782288,-0.09938757
592122.0,Tyler Austin,592122.0,56,19,2.0,10,0,17,3.0,244,63,0.22950819672131148,0.2873134328358209,0.6188524590163934,0.9061658918522143,-0.12817654
458731.0,Brett Gardner,458731.0,125,65,5.0,20,7,12,5.0,530,124,0.2358490566037736,0.32231404958677684,0.439622641509434,0.7619366910962109,-0.09005771
649557.0,Aledmys Diaz,649557.0,111,23,3.0,26,0,18,4.0,422,103,0.26303317535545023,0.3030973451327434,0.5379146919431279,0.8410120370758714,-0.050654195
456665.0,Steve Pearce,456665.0,61,29,5.0,14,1,11,2.0,215,59,0.2837209302325581,0.3784860557768924,0.6232558139534884,1.0017418697303808,-0.017509893
514917.0,Cesar Hernandez,514917.0,153,95,4.0,15,3,15,3.0,605,156,0.2528925619834711,0.3564356435643564,0.4214876033057851,0.7779232468701416,0.05466438
467793.0,Carlos Santana,467793.0,128,110,1.0,28,2,24,8.0,560,126,0.22857142857142856,0.35198821796759944,0.5071428571428571,0.8591310751104566,-0.027793223
608384.0,Nick Williams,608384.0,104,32,9.0,12,3,17,0.0,407,112,0.25552825552825553,0.3236607142857143,0.5233415233415234,0.8470022376272377,0.058403216
656555.0,Rhys Hoskins,656555.0,137,87,9.0,38,0,34,5.0,558,133,0.24551971326164876,0.3535660091047041,0.6182795698924731,0.9718455789971772,0.039142694
571437.0,Aaron Altherr,571437.0,44,36,4.0,11,1,8,2.0,243,42,0.18106995884773663,0.29473684210526313,0.4074074074074074,0.7021442495126705,-0.08065019
542255.0,Ender Inciarte,542255.0,158,49,6.0,27,6,10,4.0,597,147,0.2646566164154104,0.3246951219512195,0.4338358458961474,0.7585309678473668,0.045164175
645277.0,Ozzie Albies,645277.0,167,36,5.0,40,5,24,3.0,639,156,0.26134585289514867,0.30453879941434847,0.543035993740219,0.8475747931545675,-0.106478445
518692.0,Freddie Freeman,518692.0,191,76,7.0,44,4,23,6.0,618,174,0.30906148867313915,0.38755304101838756,0.5922330097087378,0.9797860507271254,0.28295484
455976.0,Nick Markakis,455976.0,185,72,1.0,43,2,14,9.0,623,158,0.2969502407704655,0.3659574468085106,0.4911717495987159,0.8571291964072265,0.18677229
641487.0,J.P. Crawford,641487.0,25,13,5.0,6,3,3,0.0,117,25,0.21367521367521367,0.31851851851851853,0.49572649572649574,0.8142450142450143,-0.1783437
596748.0,Maikel Franco,596748.0,117,29,0.0,17,1,22,3.0,433,123,0.2702078521939954,0.3139784946236559,0.5727482678983834,0.8867267625220393,-0.046029367
595284.0,Andrew Knapp,595284.0,37,24,2.0,6,2,4,1.0,187,37,0.19786096256684493,0.29439252336448596,0.37967914438502676,0.6740716677495127,-0.37609687
452095.0,Tyler Flowers,452095.0,57,35,9.0,9,0,8,1.0,251,56,0.22709163346613545,0.34121621621621623,0.42231075697211157,0.7635269731883279,-0.07979094
435559.0,Kurt Suzuki,435559.0,94,22,13.0,24,0,12,6.0,347,82,0.27089337175792505,0.3324742268041237,0.5129682997118156,0.8454425265159393,0.06625114
605512.0,Preston Tucker,605512.0,38,13,4.0,11,0,6,1.0,166,33,0.2289156626506024,0.29891304347826086,0.4759036144578313,0.7748166579360922,0.020479195
621020.0,Dansby Swanson,621020.0,114,44,2.0,25,4,14,3.0,478,107,0.2384937238493724,0.3036053130929791,0.4707112970711297,0.7743166101641088,-0.0494339
475247.0,Ryan Flaherty,475247.0,35,18,1.0,6,0,2,1.0,161,31,0.21739130434782608,0.2983425414364641,0.3167701863354037,0.6151127277718678,-0.33090186
518586.0,Charlie Culberson,518586.0,80,21,4.0,18,2,12,1.0,296,76,0.2702702702702703,0.32608695652173914,0.5608108108108109,0.88689776733255,0.11410384
624428.0,Adam Frazier,624428.0,88,29,3.0,23,2,10,1.0,318,77,0.27672955974842767,0.3418803418803419,0.5314465408805031,0.873326882760845,0.1404682
543281.0,Josh Harrison,543281.0,86,18,5.0,13,1,8,5.0,344,82,0.25,0.29301075268817206,0.41569767441860467,0.7087084271067767,0.030221635
570256.0,Gregory Polanco,570256.0,117,61,3.0,32,6,23,7.0,461,114,0.25379609544468545,0.34022556390977443,0.6247288503253796,0.964954414235154,-0.048056513
605137.0,Josh Bell,605137.0,131,77,0.0,31,4,12,5.0,501,116,0.26147704590818366,0.3567753001715266,0.4750499001996008,0.8318252003711274,-0.08675084
547982.0,Leonys Martin,547982.0,81,30,3.0,15,3,11,2.0,318,80,0.25471698113207547,0.32294617563739375,0.5125786163522013,0.835524791989595,-0.20684968
600869.0,Jeimer Candelario,600869.0,121,66,9.0,28,3,19,5.0,539,115,0.22448979591836735,0.3166397415185784,0.4749536178107607,0.791593359329339,-0.16801532
408234.0,Miguel Cabrera,408234.0,40,22,0.0,11,0,3,1.0,134,32,0.29850746268656714,0.39490445859872614,0.4925373134328358,0.8874417720315619,0.27468812
592206.0,Nicholas Castellanos,592206.0,185,49,6.0,46,5,23,3.0,620,167,0.29838709677419356,0.35398230088495575,0.5903225806451613,0.944304881530117,0.099104784
400121.0,Victor Martinez,400121.0,117,32,2.0,21,0,9,7.0,467,105,0.2505353319057816,0.297244094488189,0.39186295503211993,0.6891070495203089,-0.19258069
572816.0,Corey Dickerson,572816.0,151,21,4.0,35,7,13,4.0,504,136,0.2996031746031746,0.3302063789868668,0.5535714285714286,0.8837778075582954,0.12963
516782.0,Starling Marte,516782.0,155,35,8.0,32,5,20,3.0,559,148,0.2772808586762075,0.32727272727272727,0.5491949910554562,0.8764677183281835,0.1209965
465041.0,Francisco Cervelli,465041.0,86,51,15.0,15,3,12,4.0,332,86,0.25903614457831325,0.3781094527363184,0.5210843373493976,0.8991937900857161,-0.00694168
543484.0,Mikie Mahtook,543484.0,45,21,3.0,4,2,9,3.0,223,52,0.20179372197309417,0.276,0.45739910313901344,0.7333991031390135,-0.4985625
578428.0,Jose Iglesias,578428.0,116,19,8.0,31,3,5,2.0,432,93,0.26851851851851855,0.31019522776572667,0.42592592592592593,0.7361211536916525,0.079292625
553988.0,Dixon Machado,553988.0,44,14,3.0,13,1,1,1.0,214,33,0.205607476635514,0.2629310344827586,0.308411214953271,0.5713422494360296,-0.5261083
592567.0,Colin Moran,592567.0,115,39,4.0,19,1,11,7.0,415,108,0.27710843373493976,0.33978494623655914,0.4650602409638554,0.8048451872004145,0.1361995
474568.0,Jordy Mercer,474568.0,99,32,6.0,29,2,6,3.0,394,78,0.2512690355329949,0.31494252873563217,0.4213197969543147,0.7362623256899469,0.038358048
592444.0,JaCoby Jones,592444.0,89,24,11.0,22,6,11,2.0,429,84,0.20745920745920746,0.26609442060085836,0.4428904428904429,0.7089848634913012,-0.24451847
457706.0,Austin Jackson,457706.0,85,26,1.0,17,1,3,1.0,347,72,0.24495677233429394,0.2986666666666667,0.34870317002881845,0.6473698366954852,0.021894174
605412.0,Joe Panik,605412.0,91,26,3.0,14,1,4,4.0,358,82,0.2541899441340782,0.3069053708439898,0.36033519553072624,0.6672405663747161,-0.0891411
457705.0,Andrew McCutchen,457705.0,145,95,11.0,30,3,20,7.0,569,138,0.2548330404217926,0.3680351906158358,0.5043936731107206,0.8724288637265564,0.06068111
457763.0,Buster Posey,457763.0,113,45,3.0,22,1,5,2.0,398,97,0.28391959798994976,0.359375,0.4120603015075377,0.7714353015075377,0.18692172
621035.0,Chris Taylor,621035.0,136,55,9.0,35,8,17,4.0,536,126,0.2537313432835821,0.33112582781456956,0.5373134328358209,0.8684392606503905,0.04508406
608369.0,Corey Seager,608369.0,27,11,2.0,5,1,2,1.0,101,25,0.26732673267326734,0.34782608695652173,0.45544554455445546,0.8032716315109771,-0.05412939
624577.0,Yasiel Puig,624577.0,108,36,1.0,21,1,23,2.0,405,111,0.26666666666666666,0.32657657657657657,0.6123456790123457,0.9389222555889223,0.036870837
571771.0,Enrique Hernandez,571771.0,103,50,1.0,17,3,21,5.0,402,110,0.2562189054726368,0.33624454148471616,0.5895522388059702,0.9257967802906863,-0.047821574
446334.0,Evan Longoria,446334.0,117,22,5.0,25,4,16,5.0,480,112,0.24375,0.28125,0.49583333333333335,0.7770833333333333,-0.0997497
452254.0,Hunter Pence,452254.0,53,11,0.0,11,1,4,2.0,235,47,0.225531914893617,0.25806451612903225,0.37446808510638296,0.6325326012354152,-0.28912112
474832.0,Brandon Belt,474832.0,101,49,6.0,18,2,14,2.0,399,99,0.2531328320802005,0.34210526315789475,0.49373433583959897,0.8358395989974937,0.1239721
543063.0,Brandon Crawford,543063.0,135,50,8.0,28,2,14,5.0,531,123,0.2542372881355932,0.32491582491582494,0.4538606403013183,0.7787764652171432,0.001629955
641355.0,Cody Bellinger,641355.0,145,69,3.0,28,7,25,3.0,557,149,0.26032315978456017,0.34335443037974683,0.585278276481149,0.9286327068608959,0.036397632
461314.0,Matt Kemp,461314.0,134,36,1.0,25,0,21,7.0,462,130,0.29004329004329005,0.33794466403162055,0.5714285714285714,0.909373235460192,0.18841597
518735.0,Yasmani Grandal,518735.0,106,72,3.0,23,2,24,3.0,440,109,0.2409090909090909,0.34942084942084944,0.5840909090909091,0.9335117585117585,-4.301107e-05
523253.0,Logan Forsythe,523253.0,86,41,3.0,16,0,2,1.0,371,72,0.23180592991913745,0.3125,0.3018867924528302,0.6143867924528301,-0.073112376
491676.0,Gorkys Hernandez,491676.0,97,27,4.0,16,2,15,4.0,414,98,0.23429951690821257,0.28507795100222716,0.47342995169082125,0.7585079026930484,-0.097916536
400284.0,Chase Utley,400284.0,35,17,5.0,10,1,1,1.0,164,27,0.21341463414634146,0.3048128342245989,0.32926829268292684,0.6340811269075257,-0.2055009
467055.0,Pablo Sandoval,467055.0,57,19,2.0,10,1,9,1.0,230,57,0.24782608695652175,0.30952380952380953,0.5043478260869565,0.813871635610766,0.010340126
592626.0,Joc Pederson,592626.0,98,40,4.0,27,3,25,3.0,395,99,0.2481012658227848,0.3212669683257919,0.6632911392405063,0.9845581075662981,6.179228e-05
451594.0,Dexter Fowler,451594.0,52,38,3.0,10,0,8,4.0,289,50,0.17993079584775087,0.27844311377245506,0.35294117647058826,0.6313842902430433,-0.3830655
502054.0,Tommy Pham,502054.0,136,67,6.0,18,6,21,3.0,494,145,0.27530364372469635,0.36666666666666664,0.5728744939271255,0.9395411605937922,0.11026165
572761.0,Matt Carpenter,572761.0,145,102,6.0,42,0,36,4.0,564,139,0.2570921985815603,0.3742603550295858,0.650709219858156,1.0249695748877419,-0.07776468
607043.0,Brandon Nimmo,607043.0,114,80,22.0,28,8,17,0.0,433,111,0.2632794457274827,0.40373831775700936,0.5981524249422633,1.0018907426992727,0.21651888
493316.0,Yoenis Cespedes,493316.0,37,13,1.0,6,0,9,2.0,141,40,0.2624113475177305,0.3248407643312102,0.624113475177305,0.9489542395085151,-0.11157748
457803.0,Jay Bruce,457803.0,71,41,0.0,18,1,9,1.0,319,63,0.2225705329153605,0.31024930747922436,0.43260188087774293,0.7428511883569673,-0.074112065
453943.0,Todd Frazier,453943.0,87,48,8.0,18,0,18,8.0,408,87,0.21323529411764705,0.3029661016949153,0.47794117647058826,0.7809072781655035,-0.23394333
542303.0,Marcell Ozuna,542303.0,163,38,3.0,16,2,23,4.0,582,172,0.2800687285223368,0.3253588516746411,0.5189003436426117,0.8442591953172529,0.016294222
500874.0,Jose Martinez,500874.0,163,49,2.0,30,0,17,3.0,534,150,0.3052434456928839,0.36394557823129253,0.5205992509363296,0.8845448291676221,0.13577773
425877.0,Yadier Molina,425877.0,120,29,9.0,20,0,20,6.0,459,120,0.26143790849673204,0.31411530815109345,0.5228758169934641,0.8369911251445575,0.0056131976
657557.0,Paul DeJong,657557.0,105,36,12.0,25,1,19,5.0,436,100,0.2408256880733945,0.3128834355828221,0.5252293577981652,0.8381127933809873,-0.11439712
543939.0,Kolten Wong,543939.0,88,31,14.0,18,2,9,3.0,353,81,0.24929178470254956,0.3316708229426434,0.45042492917847027,0.7820957521211136,-0.2836528
408236.0,Adrian Gonzalez,408236.0,40,15,1.0,5,0,6,2.0,169,41,0.23668639053254437,0.2994652406417112,0.4437869822485207,0.7432522228902319,-0.09904792
608700.0,Kevin Plawecki,608700.0,50,28,9.0,13,2,7,1.0,238,46,0.21008403361344538,0.31521739130434784,0.44537815126050423,0.7605955425648521,-0.24955046
642708.0,Amed Rosario,642708.0,142,29,3.0,26,8,9,3.0,554,133,0.2563176895306859,0.29541595925297115,0.44223826714801445,0.7376542264009855,-0.1801886
452678.0,Asdrubal Cabrera,452678.0,143,41,3.0,36,1,23,2.0,546,131,0.2619047619047619,0.3158783783783784,0.5457875457875457,0.8616659241659241,0.07556614
527038.0,Wilmer Flores,527038.0,103,29,5.0,25,0,11,9.0,386,89,0.266839378238342,0.31934731934731936,0.4740932642487047,0.7934405835960241,-0.021028789
622168.0,Yairo Munoz,622168.0,81,30,4.0,16,0,8,2.0,293,73,0.2764505119453925,0.3495440729483283,0.46757679180887374,0.817120864757202,0.05127579
594809.0,Adam Eaton,594809.0,96,38,11.0,18,1,5,0.0,319,84,0.30094043887147337,0.39402173913043476,0.4482758620689655,0.8422976011994003,0.27701297
543685.0,Anthony Rendon,543685.0,163,55,5.0,44,2,24,8.0,529,145,0.30812854442344045,0.37353433835845895,0.6332703213610587,1.0068046597195175,0.25226393
547180.0,Bryce Harper,547180.0,137,130,6.0,34,0,34,9.0,550,137,0.24909090909090909,0.39280575539568346,0.62,1.0128057553956835,-0.083614364
475582.0,Ryan Zimmerman,475582.0,76,30,3.0,21,2,13,2.0,288,70,0.2638888888888889,0.33746130030959753,0.5902777777777778,0.9277390780873753,0.18710409
435062.0,Howard Kendrick,435062.0,46,5,2.0,14,0,4,1.0,152,36,0.3026315789473684,0.33125,0.5263157894736842,0.8575657894736841,0.10967934
608385.0,Jesse Winker,608385.0,84,49,2.0,16,0,7,1.0,281,75,0.298932384341637,0.40540540540540543,0.4804270462633452,0.8858324516687506,0.11408963
553993.0,Eugenio Suarez,553993.0,149,64,9.0,22,2,34,6.0,527,163,0.2827324478178368,0.36633663366336633,0.6622390891840607,1.028575722847427,-0.0048152804
458015.0,Joey Votto,458015.0,143,108,9.0,28,2,12,3.0,503,129,0.28429423459244535,0.4173354735152488,0.47514910536779326,0.892484578883042,0.11913605
607208.0,Trea Turner,607208.0,180,69,5.0,27,6,19,0.0,664,178,0.2710843373493976,0.34417344173441733,0.49096385542168675,0.8351372971561041,0.142288
572191.0,Michael Taylor,572191.0,80,29,1.0,22,3,6,0.0,353,67,0.22662889518413598,0.28720626631853785,0.40793201133144474,0.6951382776499826,-0.16522172
446308.0,Matt Wieters,446308.0,56,30,3.0,8,0,8,2.0,235,56,0.23829787234042554,0.3296296296296296,0.4425531914893617,0.7721828211189913,-0.070746146
571697.0,Scooter Gennett,571697.0,181,42,4.0,30,3,23,5.0,584,177,0.3099315068493151,0.35748031496062993,0.5787671232876712,0.9362474382483011,0.21140438
594988.0,Scott Schebler,594988.0,97,39,9.0,19,0,17,2.0,380,95,0.25526315789473686,0.3372093023255814,0.5289473684210526,0.8661566707466339,-0.026402064
571466.0,Tucker Barnhart,571466.0,114,54,2.0,21,3,10,3.0,460,106,0.24782608695652175,0.32755298651252407,0.4282608695652174,0.7558138560777414,-0.019399341
606299.0,Jose Peraza,606299.0,182,29,9.0,31,4,14,5.0,632,169,0.2879746835443038,0.32592592592592595,0.47310126582278483,0.7990271917487108,0.019493686
571740.0,Billy Hamilton,571740.0,119,46,1.0,16,9,4,4.0,504,116,0.2361111111111111,0.2990990990990991,0.37896825396825395,0.6780673530673531,-0.10209035
571718.0,Brian Goodwin,571718.0,38,16,3.0,6,0,6,1.0,159,38,0.2389937106918239,0.31843575418994413,0.46540880503144655,0.7838445592213907,0.05470486
594807.0,Adam Duvall,594807.0,75,37,5.0,20,0,15,1.0,384,70,0.1953125,0.27400468384074944,0.4427083333333333,0.7167130171740828,-0.34485075
571431.0,Matt Adams,571431.0,73,27,4.0,10,0,21,0.0,306,84,0.238562091503268,0.3086053412462908,0.6143790849673203,0.9229844262136111,-0.06048586
519023.0,Devin Mesoraco,519023.0,54,25,4.0,10,0,11,1.0,244,55,0.22131147540983606,0.3029197080291971,0.48770491803278687,0.790624626061984,-0.15822066
640447.0,Phil Ervin,640447.0,55,20,5.0,10,1,7,4.0,218,53,0.25229357798165136,0.32388663967611336,0.47706422018348627,0.8009508598595996,-0.14323655
450314.0,Ben Zobrist,450314.0,139,55,2.0,28,3,9,7.0,455,123,0.3054945054945055,0.37764932562620424,0.49230769230769234,0.8699570179338966,0.19688664
605170.0,Victor Caratini,605170.0,42,12,4.0,7,0,2,1.0,181,37,0.23204419889502761,0.29292929292929293,0.3259668508287293,0.6188961437580223,-0.25663158
592407.0,Bryan Holaday,592407.0,31,10,2.0,5,0,1,2.0,151,27,0.2052980132450331,0.2606060606060606,0.271523178807947,0.5321292394140076,-0.38144672
571974.0,John Ryan Murphy,571974.0,42,11,1.0,9,0,9,1.0,208,42,0.20192307692307693,0.24434389140271492,0.46153846153846156,0.7058823529411765,-0.42332703
642162.0,Pat Valaika,642162.0,19,9,0.0,5,0,2,0.0,122,16,0.1557377049180328,0.21374045801526717,0.2786885245901639,0.4924289826054311,-0.54814804
545358.0,Max Stassi,545358.0,50,23,6.0,13,0,8,0.0,221,45,0.22624434389140272,0.316,0.4660633484162896,0.7820633484162895,0.02167005
605204.0,J.D. Davis,605204.0,18,10,0.0,2,0,1,0.0,103,17,0.17475728155339806,0.24778761061946902,0.24271844660194175,0.4905060572214108,-0.2670953
435079.0,Ian Kinsler,435079.0,117,40,4.0,26,0,14,3.0,487,105,0.2402464065708419,0.301498127340824,0.43737166324435317,0.7388697905851771,-0.16248512
455759.0,Chris Young,455759.0,19,11,2.0,2,1,6,1.0,113,24,0.168141592920354,0.25196850393700787,0.48672566371681414,0.738694167653822,-0.26568034
640461.0,Chad Pinder,640461.0,77,27,6.0,12,1,13,0.0,298,79,0.25838926174496646,0.3323262839879154,0.5302013422818792,0.8625276262697946,-0.016351448
641856.0,Billy McKinney,641856.0,30,11,1.0,7,0,6,1.0,119,29,0.25210084033613445,0.3181818181818182,0.5630252100840336,0.8812070282658517,-0.10371695
500208.0,Yangervis Solarte,500208.0,106,31,3.0,20,0,17,3.0,468,103,0.2264957264957265,0.27722772277227725,0.45085470085470086,0.7280824236269781,0.12275626
546318.0,Odubel Herrera,546318.0,140,38,7.0,19,3,22,1.0,550,146,0.2545454545454545,0.3104026845637584,0.5109090909090909,0.8213117754728493,-0.028567785
664068.0,Scott Kingery,664068.0,102,24,3.0,23,2,8,5.0,452,89,0.22566371681415928,0.2665289256198347,0.3827433628318584,0.649272288451693,-0.1063507
595751.0,Jorge Alfaro,595751.0,90,18,14.0,16,2,10,1.0,344,86,0.2616279069767442,0.32360742705570295,0.47674418604651164,0.8003516131022146,0.05027846
605509.0,Kelby Tomlinson,605509.0,29,9,2.0,4,2,0,0.0,140,27,0.20714285714285716,0.26490066225165565,0.29285714285714287,0.5577578051087986,-0.2696892
519048.0,Mitch Moreland,519048.0,99,50,0.0,23,4,15,5.0,404,95,0.24504950495049505,0.32461873638344224,0.5272277227722773,0.8518464591557195,-0.03633015
571788.0,Brock Holt,571788.0,89,37,7.0,18,2,7,2.0,321,80,0.2772585669781931,0.36239782016348776,0.4672897196261682,0.8296875397896559,0.03870509
506702.0,Sandy Leon,506702.0,47,15,4.0,12,0,5,1.0,265,40,0.17735849056603772,0.23157894736842105,0.3169811320754717,0.5485600794438927,-0.5208762
605480.0,Mallex Smith,605480.0,142,47,8.0,27,10,2,2.0,480,127,0.29583333333333334,0.36685288640595903,0.45625,0.8231028864059591,0.26364604
491696.0,Jesus Sucre,491696.0,38,9,1.0,5,0,1,2.0,182,34,0.2087912087912088,0.24742268041237114,0.26373626373626374,0.5111589441486348,-0.291209
572365.0,Ryan Goins,572365.0,26,4,0.0,8,1,0,0.0,115,19,0.22608695652173913,0.25210084033613445,0.33043478260869563,0.5825356229448301,-0.21289557
434658.0,Rajai Davis,434658.0,44,11,4.0,6,1,1,1.0,196,40,0.22448979591836735,0.2783018867924528,0.3010204081632653,0.5793222949557182,-0.29234174
446386.0,Brandon Guyer,446386.0,40,15,11.0,11,0,7,0.0,194,36,0.20618556701030927,0.3,0.44329896907216493,0.743298969072165,-0.58539224
547172.0,Tony Wolters,547172.0,31,26,6.0,4,4,3,2.0,182,34,0.17032967032967034,0.2916666666666667,0.3626373626373626,0.6543040293040293,-0.08262747
425772.0,Jeff Mathis,425772.0,39,20,0.0,9,1,1,2.0,195,32,0.2,0.271889400921659,0.2923076923076923,0.5641970932293513,-0.15835086
592685.0,Drew Robinson,592685.0,20,16,0.0,3,0,3,0.0,109,20,0.1834862385321101,0.288,0.3486238532110092,0.6366238532110091,-0.19143419
595777.0,Jurickson Profar,595777.0,133,54,12.0,35,6,20,4.0,524,124,0.2538167938931298,0.335016835016835,0.5572519083969466,0.8922687434137816,0.045288768
527043.0,Jefry Marte,527043.0,42,13,2.0,7,1,7,0.0,194,43,0.21649484536082475,0.2727272727272727,0.4536082474226804,0.7263355201499531,-0.34283185
570799.0,Christian Villanueva,570799.0,83,23,9.0,15,0,20,1.0,351,88,0.23646723646723647,0.2994791666666667,0.5641025641025641,0.8635817307692308,-0.19982533
501303.0,Ehire Adrianza,501303.0,84,24,1.0,23,1,6,2.0,335,68,0.2507462686567164,0.3011049723756906,0.4208955223880597,0.7220004947637504,-0.28056365
642082.0,Chance Sisco,642082.0,29,13,11.0,8,0,2,0.0,160,23,0.18125,0.28804347826086957,0.29375,0.5817934782608696,-0.31542322
571912.0,Luke Maile,571912.0,50,25,2.0,13,1,3,2.0,202,41,0.24752475247524752,0.3333333333333333,0.40594059405940597,0.7392739273927393,0.10753508
592348.0,Niko Goodrum,592348.0,109,42,4.0,29,3,16,2.0,444,99,0.24549549549549549,0.3150406504065041,0.5180180180180181,0.8330586684245221,-0.07077164
501896.0,David Freese,501896.0,83,24,5.0,12,2,11,3.0,280,84,0.29642857142857143,0.358974358974359,0.5642857142857143,0.9232600732600733,0.100150354
446481.0,Sean Rodriguez,446481.0,25,22,1.0,5,1,5,0.0,150,26,0.16666666666666666,0.2774566473988439,0.3933333333333333,0.6707899807321772,-0.21645541
622682.0,Victor Reyes,622682.0,47,5,0.0,5,3,1,1.0,212,46,0.22169811320754718,0.23853211009174313,0.32547169811320753,0.5640038082049507,-0.3529747
553869.0,Elias Diaz,553869.0,72,21,1.0,12,0,10,3.0,252,70,0.2857142857142857,0.33935018050541516,0.5317460317460317,0.871096212251447,0.07582935
453923.0,Gregor Blanco,453923.0,41,12,0.0,7,3,2,1.0,189,39,0.21693121693121692,0.2623762376237624,0.37037037037037035,0.6327466079941327,-0.19426784
605131.0,Austin Barnes,605131.0,41,31,6.0,5,0,4,0.0,200,40,0.205,0.3291139240506329,0.33,0.659113924050633,-0.12819101
460026.0,Nick Hundley,460026.0,68,22,1.0,13,2,10,0.0,282,67,0.24113475177304963,0.2983606557377049,0.4929078014184397,0.7912684571561446,-0.23771974
594824.0,Greg Garcia,594824.0,40,20,4.0,6,0,3,2.0,181,37,0.22099447513812154,0.30917874396135264,0.3370165745856354,0.646195318546988,-0.1299546
576397.0,Jedd Gyorko,576397.0,92,44,3.0,19,1,11,4.0,351,85,0.2621082621082621,0.34577114427860695,0.4843304843304843,0.8301016286090912,0.16453747
596119.0,Blake Swihart,596119.0,44,15,0.0,10,0,3,0.0,192,37,0.22916666666666666,0.28502415458937197,0.359375,0.6443991545893719,-0.28538743
521692.0,Salvador Perez,521692.0,120,17,12.0,23,0,27,5.0,510,124,0.23529411764705882,0.27389705882352944,0.5450980392156862,0.8189950980392157,-0.17239493
594953.0,Daniel Palka,594953.0,100,30,2.0,15,3,27,0.0,417,115,0.23980815347721823,0.29398663697104677,0.6282973621103117,0.9222839990813585,-0.13757776
553882.0,Omar Narvaez,553882.0,77,38,2.0,14,1,9,0.0,280,73,0.275,0.365625,0.5,0.865625,0.06294553
547379.0,Roberto Perez,547379.0,30,21,1.0,9,1,2,2.0,179,24,0.16759776536312848,0.2561576354679803,0.29608938547486036,0.5522470209428407,-0.3930287
641598.0,Mitch Garver,641598.0,81,29,2.0,19,2,7,1.0,302,71,0.2682119205298013,0.33532934131736525,0.4735099337748344,0.8088392750921997,-0.04780238
609280.0,Miguel Andujar,609280.0,170,25,4.0,47,2,27,4.0,573,152,0.29668411867364747,0.32838283828382836,0.6282722513089005,0.9566550895927288,-0.004667208
519222.0,Austin Romine,519222.0,59,17,2.0,12,0,10,3.0,242,57,0.24380165289256198,0.29545454545454547,0.5,0.7954545454545454,-0.052588556
543308.0,John Hicks,543308.0,75,22,0.0,12,1,9,1.0,288,73,0.2604166666666667,0.31189710610932475,0.4722222222222222,0.784119328331547,0.06260986
408314.0,Jose Reyes,408314.0,43,22,0.0,12,3,4,0.0,228,38,0.18859649122807018,0.26,0.3815789473684211,0.641578947368421,-0.27115497
594694.0,Wilmer Difo,594694.0,94,39,2.0,14,7,7,4.0,408,94,0.23039215686274508,0.2980132450331126,0.41911764705882354,0.7171308920919361,-0.25628743
454560.0,A.J. Ellis,454560.0,41,26,1.0,8,0,1,2.0,151,34,0.271523178807947,0.37777777777777777,0.3576158940397351,0.7353936718175129,0.092266046
600474.0,Pedro Severino,600474.0,32,18,4.0,9,0,2,1.0,190,25,0.16842105263157894,0.2535211267605634,0.26842105263157895,0.5219421793921424,-0.40445596
594011.0,Rosell Herrera,594011.0,65,19,2.0,14,3,1,2.0,278,55,0.23381294964028776,0.2857142857142857,0.34532374100719426,0.6310380267214799,-0.21928106
607468.0,Alex Blandino,607468.0,30,13,4.0,4,0,1,0.0,128,27,0.234375,0.32413793103448274,0.3046875,0.6288254310344827,-0.029184533
573135.0,Tyler Saladino,573135.0,31,9,1.0,4,0,5,1.0,126,32,0.24603174603174602,0.29927007299270075,0.47619047619047616,0.775460549183177,-0.07413657
570481.0,Erik Gonzalez,570481.0,36,5,2.0,10,1,1,0.0,136,28,0.2647058823529412,0.3006993006993007,0.40441176470588236,0.7051110654051831,-0.26405513
461865.0,Andrew Romine,461865.0,25,7,1.0,2,1,0,0.0,119,24,0.21008403361344538,0.25984251968503935,0.2605042016806723,0.5203467213657116,-0.44150805
664056.0,Harrison Bader,664056.0,100,31,11.0,20,2,12,4.0,379,94,0.2638522427440633,0.3341176470588235,0.49604221635883905,0.8301598634176626,-0.11706559
501659.0,Abraham Almonte,501659.0,24,15,0.0,1,2,3,1.0,134,28,0.1791044776119403,0.26,0.3582089552238806,0.6182089552238805,-0.10482202
624424.0,Michael Conforto,624424.0,132,84,7.0,25,1,28,4.0,543,136,0.2430939226519337,0.3495297805642633,0.5543278084714549,0.9038575890357182,-0.065006934
488726.0,Michael Brantley,488726.0,176,48,5.0,36,2,17,6.0,570,159,0.3087719298245614,0.3640699523052464,0.5350877192982456,0.899157671603492,0.030334545
571970.0,Max Muncy,571970.0,104,79,5.0,17,2,35,2.0,395,124,0.26329113924050634,0.3908523908523909,0.769620253164557,1.1604726440169477,0.118681096
596103.0,Austin Slater,596103.0,50,20,5.0,6,1,1,1.0,199,46,0.25125628140703515,0.3333333333333333,0.32663316582914576,0.6599664991624791,0.055246726
593700.0,Alen Hanson,593700.0,74,9,1.0,17,5,8,3.0,294,70,0.25170068027210885,0.2736156351791531,0.5136054421768708,0.7872210773560239,-0.29239008
607054.0,Jace Peterson,607054.0,42,31,3.0,13,2,3,1.0,210,34,0.2,0.31020408163265306,0.37142857142857144,0.6816326530612244,-0.21237852
572287.0,Mike Zunino,572287.0,75,24,6.0,18,0,20,2.0,373,77,0.20107238605898123,0.25925925925925924,0.517426273458445,0.7766855327177042,-0.25805908
592325.0,Ben Gamel,592325.0,70,31,4.0,14,4,1,1.0,257,61,0.2723735408560311,0.3583617747440273,0.4085603112840467,0.766922086028074,0.1613363
621433.0,Brett Phillips,621433.0,25,11,1.0,4,3,2,1.0,134,26,0.1865671641791045,0.25170068027210885,0.3805970149253731,0.6322976951974819,-0.3709006
643396.0,Isiah Kiner-Falefa,643396.0,93,28,6.0,18,2,4,1.0,356,81,0.2612359550561798,0.3248081841432225,0.3904494382022472,0.7152576223454696,-0.026581727
572204.0,Trayce Thompson,572204.0,15,7,0.0,3,0,3,1.0,128,15,0.1171875,0.16176470588235295,0.2578125,0.4195772058823529,-0.60285276
592192.0,Mark Canha,592192.0,91,34,10.0,22,0,17,2.0,365,86,0.2493150684931507,0.3284671532846715,0.5424657534246575,0.870932906709329,-0.118744604
614173.0,Franchy Cordero,614173.0,33,14,0.0,5,1,7,0.0,139,36,0.23741007194244604,0.30718954248366015,0.5539568345323741,0.8611463770160342,-0.09472379
607345.0,Kevan Smith,607345.0,50,10,5.0,6,0,3,1.0,171,47,0.29239766081871343,0.34759358288770054,0.4152046783625731,0.7627982612502736,0.01646099
605508.0,Charles Tilson,605508.0,28,10,1.0,1,1,0,1.0,106,28,0.2641509433962264,0.3305084745762712,0.3113207547169811,0.6418292292932524,0.018878795
543776.0,J.B. Shuck,543776.0,25,10,1.0,3,1,0,0.0,130,23,0.19230769230769232,0.2553191489361702,0.24615384615384617,0.5014729950900163,-0.13479339
608597.0,Ronald Guzman,608597.0,91,33,7.0,18,2,16,1.0,387,91,0.2351421188630491,0.3060747663551402,0.5090439276485789,0.8151186940037191,-0.10894434
493329.0,Yulieski Gurriel,493329.0,156,23,6.0,33,1,13,7.0,537,137,0.2905027932960894,0.3228621291448517,0.48044692737430167,0.8033090565191534,-0.014136783
606192.0,Teoscar Hernandez,606192.0,114,41,3.0,29,7,22,3.0,476,114,0.23949579831932774,0.30210325047801145,0.5903361344537815,0.892439384931793,-0.27839857
593871.0,Jorge Polanco,593871.0,87,25,2.0,18,3,6,1.0,302,78,0.28807947019867547,0.34545454545454546,0.4867549668874172,0.8322095123419626,0.1979373
595909.0,Jake Cave,595909.0,76,18,3.0,17,2,13,3.0,283,74,0.26855123674911663,0.31596091205211724,0.5865724381625441,0.9025333502146613,0.019526014
595885.0,Greg Bird,595885.0,54,30,5.0,16,1,11,4.0,272,50,0.19852941176470587,0.2861736334405145,0.4742647058823529,0.7604383393228674,-0.30965647
650402.0,Gleyber Torres,650402.0,117,42,5.0,16,1,24,5.0,431,126,0.271461716937355,0.33954451345755693,0.5962877030162413,0.9358322164737982,0.055725075
660670.0,Ronald Acuna,660670.0,127,45,6.0,26,4,26,3.0,433,131,0.29330254041570436,0.3655030800821355,0.6905311778290993,1.056034257911235,0.19340122
430832.0,Jose Bautista,430832.0,66,67,6.0,18,0,13,1.0,325,61,0.20307692307692307,0.3483709273182957,0.4584615384615385,0.8068324657798343,-0.22166547
622666.0,Johan Camargo,622666.0,126,51,6.0,27,1,19,3.0,464,119,0.27155172413793105,0.34923664122137404,0.5431034482758621,0.8923400894972362,-0.009950592
500135.0,Ronny Rodriguez,500135.0,42,10,0.0,7,0,5,2.0,191,40,0.2198952879581152,0.2561576354679803,0.387434554973822,0.6435921904418023,-0.16122445
444432.0,Mark Trumbo,444432.0,86,24,2.0,12,0,17,2.0,330,91,0.2606060606060606,0.3128491620111732,0.5545454545454546,0.8673946165566278,-0.08820364
572073.0,Joey Rickard,572073.0,52,15,2.0,10,1,8,0.0,213,51,0.24413145539906103,0.3,0.49765258215962443,0.7976525821596244,-0.08483563
600524.0,Renato Nunez,600524.0,61,19,4.0,14,0,8,2.0,236,55,0.2584745762711864,0.3218390804597701,0.4872881355932203,0.8091272160529904,0.019767119
592663.0,J.T. Realmuto,592663.0,132,38,10.0,30,3,21,4.0,477,126,0.27672955974842767,0.34026465028355385,0.5849056603773585,0.9251703106609124,0.021269487
656185.0,Greg Allen,656185.0,68,14,7.0,11,3,2,1.0,265,62,0.25660377358490566,0.31010452961672474,0.38113207547169814,0.6912366050884229,-0.32099292
641933.0,Tyler O'Neill,641933.0,33,7,3.0,5,0,9,2.0,130,37,0.25384615384615383,0.3028169014084507,0.6384615384615384,0.9412784398699892,0.1258007
621311.0,David Dahl,621311.0,68,19,1.0,11,3,16,2.0,249,76,0.27309236947791166,0.3247232472324723,0.6867469879518072,1.0114702351842795,-0.20397608
591741.0,Jose Osuna,591741.0,24,3,1.0,9,0,3,1.0,106,18,0.22641509433962265,0.25225225225225223,0.4528301886792453,0.7050824409314975,0.019944191
445988.0,Martin Prado,445988.0,48,11,1.0,9,0,1,0.0,197,40,0.2436548223350254,0.28708133971291866,0.3147208121827411,0.6018021518956598,-0.24283493
608671.0,Travis Jankowski,608671.0,90,37,1.0,12,3,4,0.0,347,85,0.25936599423631124,0.33246753246753247,0.3861671469740634,0.7186346794415959,-0.023437882
519306.0,Steven Souza Jr.,519306.0,53,28,3.0,15,3,5,0.0,241,46,0.21991701244813278,0.3088235294117647,0.43568464730290457,0.7445081767146693,-0.25898197
435064.0,Bobby Wilson,435064.0,24,12,0.0,8,0,2,2.0,135,18,0.17777777777777778,0.24161073825503357,0.3111111111111111,0.5527218493661447,-0.2898336
641583.0,Dustin Fowler,641583.0,43,8,1.0,3,2,6,2.0,192,48,0.22395833333333334,0.2561576354679803,0.4375,0.6936576354679803,-0.1439233
643446.0,Jeff McNeil,643446.0,74,14,5.0,11,6,3,0.0,225,72,0.3288888888888889,0.38114754098360654,0.5511111111111111,0.9322586520947176,0.38357982
596451.0,Roman Quinn,596451.0,35,10,1.0,6,4,2,0.0,131,35,0.26717557251908397,0.323943661971831,0.5114503816793893,0.8353940436512203,-0.0068919687
448602.0,Mark Reynolds,448602.0,51,24,2.0,8,0,13,3.0,206,56,0.24757281553398058,0.3276595744680851,0.6019417475728155,0.9296013220409005,-0.033558812
614177.0,Franmil Reyes,614177.0,73,24,0.0,9,0,16,0.0,261,80,0.2796934865900383,0.34035087719298246,0.6206896551724138,0.9610405323653963,0.06686675
641531.0,Hunter Dozier,641531.0,83,24,1.0,19,4,11,1.0,362,79,0.2292817679558011,0.27835051546391754,0.47790055248618785,0.7562510679501053,-0.09698489
457759.0,Justin Turner,457759.0,114,47,12.0,31,1,14,2.0,365,98,0.31232876712328766,0.4061032863849765,0.6,1.0061032863849766,0.19797814
665742.0,Juan Soto,665742.0,121,79,0.0,25,1,22,0.0,414,119,0.2922705314009662,0.4056795131845842,0.6280193236714976,1.0336988368560818,0.2826371
643393.0,Tony Kemp,643393.0,67,32,3.0,15,0,6,1.0,255,58,0.2627450980392157,0.35051546391752575,0.4392156862745098,0.7897311501920355,0.17219901
502517.0,Daniel Murphy,502517.0,98,20,0.0,15,0,12,3.0,328,95,0.29878048780487804,0.33618233618233617,0.5274390243902439,0.8636213605725801,0.048511233
571851.0,Spencer Kieboom,571851.0,29,16,1.0,5,0,2,1.0,125,26,0.232,0.32167832167832167,0.352,0.6736783216783216,-0.06956795
640457.0,Austin Meadows,640457.0,51,10,1.0,9,2,6,2.0,178,50,0.28651685393258425,0.32460732984293195,0.550561797752809,0.875169127595741,0.010304155
466320.0,Melky Cabrera,466320.0,70,20,3.0,17,0,6,5.0,250,59,0.28,0.3345323741007194,0.468,0.8025323741007194,-0.16088706
642715.0,Willy Adames,642715.0,80,31,1.0,7,0,10,2.0,288,83,0.2777777777777778,0.34782608695652173,0.4756944444444444,0.8235205314009661,0.04884327
593993.0,Jose Briceno,593993.0,28,8,2.0,2,0,5,0.0,117,31,0.23931623931623933,0.2992125984251969,0.4700854700854701,0.769298068510667,0.104693346
456124.0,Erik Kratz,456124.0,48,6,7.0,6,0,6,2.0,203,48,0.23645320197044334,0.2798165137614679,0.41379310344827586,0.6936096172097437,-0.42711413
595375.0,J.T. Riddle,595375.0,71,20,0.0,10,4,9,1.0,308,74,0.2305194805194805,0.2765957446808511,0.461038961038961,0.737634705719812,-0.16828945
572228.0,Luke Voit,572228.0,46,17,1.0,5,0,15,0.0,143,56,0.32167832167832167,0.39751552795031053,0.8811188811188811,1.2786344090691917,0.28837743
592200.0,Curt Casali,592200.0,41,12,2.0,10,0,4,1.0,140,35,0.29285714285714287,0.3548387096774194,0.5071428571428571,0.8619815668202765,0.11935108
592230.0,Kaleb Cowart,592230.0,15,10,1.0,7,1,1,1.0,112,10,0.13392857142857142,0.20967741935483872,0.2767857142857143,0.48646313364055305,-0.3348775
656775.0,Cedric Mullins,656775.0,40,17,2.0,9,0,4,0.0,170,35,0.23529411764705882,0.31216931216931215,0.40588235294117647,0.7180516651104887,-0.33928183
642851.0,Austin Wynns,642851.0,28,5,0.0,2,0,4,0.0,110,30,0.2545454545454545,0.28695652173913044,0.45454545454545453,0.7415019762845849,-0.17845519
605361.0,Nick Martini,605361.0,45,21,5.0,9,3,1,1.0,152,40,0.29605263157894735,0.39664804469273746,0.46710526315789475,0.8637533078506322,0.19475886
628336.0,Jose Miguel Fernandez,628336.0,31,6,1.0,8,0,2,0.0,116,25,0.2672413793103448,0.3089430894308943,0.4224137931034483,0.7313568825343426,0.005848052
641343.0,Jake Bauers,641343.0,65,54,3.0,22,2,11,6.0,323,56,0.20123839009287925,0.3160621761658031,0.46439628482972134,0.7804584609955245,-0.074499846
664058.0,David Fletcher,664058.0,78,15,3.0,18,2,1,2.0,284,63,0.2746478873239437,0.3157894736842105,0.38380281690140844,0.6995922905856189,0.010361863
643603.0,Tyler White,643603.0,58,24,2.0,12,3,12,1.0,210,61,0.2761904761904762,0.35443037974683544,0.6761904761904762,1.0306208559373116,0.18838808
609275.0,Adalberto Mondesi,609275.0,76,11,1.0,13,3,14,1.0,275,80,0.27636363636363637,0.3055555555555556,0.6218181818181818,0.9273737373737374,0.025182098
451192.0,Jim Adduci,451192.0,47,6,0.0,8,2,3,1.0,176,44,0.26704545454545453,0.2896174863387978,0.4431818181818182,0.732799304520616,-0.09787398
593528.0,Jorge Bonifacio,593528.0,53,29,2.0,16,2,4,2.0,236,43,0.2245762711864407,0.31226765799256506,0.4110169491525424,0.7232846071451074,-0.15627685
621453.0,Steven Duggar,621453.0,36,10,0.0,11,1,2,1.0,141,28,0.2553191489361702,0.3026315789473684,0.4326241134751773,0.7352556924225457,-0.07751478
650490.0,Yandy Diaz,650490.0,34,11,0.0,5,2,1,0.0,109,32,0.3119266055045872,0.375,0.47706422018348627,0.8520642201834863,-0.0057670693
516472.0,Francisco Arcia,516472.0,21,1,2.0,5,0,6,0.0,103,22,0.20388349514563106,0.22641509433962265,0.5436893203883495,0.7701044147279721,-0.38876617
642423.0,Magnueris Sierra,642423.0,28,6,0.0,3,0,0,0.0,147,25,0.19047619047619047,0.2222222222222222,0.2108843537414966,0.4331065759637188,-0.36681896
656811.0,Ryan O'Hearn,656811.0,39,20,1.0,10,2,12,0.0,149,43,0.26174496644295303,0.35294117647058826,0.785234899328859,1.1381760757994472,-0.11665437
458913.0,Eric Young,458913.0,22,6,1.0,4,2,1,1.0,109,21,0.2018348623853211,0.24786324786324787,0.3577981651376147,0.6056614130008626,-0.1823982
542364.0,Rafael Ortega,542364.0,31,10,0.0,3,1,0,0.0,133,29,0.23308270676691728,0.2867132867132867,0.2857142857142857,0.5724275724275725,-0.2641159
664040.0,Brandon Lowe,664040.0,30,16,2.0,6,2,6,1.0,129,32,0.23255813953488372,0.32432432432432434,0.5736434108527132,0.8979677351770375,-0.1524345
621493.0,Taylor Ward,621493.0,24,9,3.0,3,0,6,0.0,135,27,0.17777777777777778,0.24489795918367346,0.4222222222222222,0.6671201814058957,-0.4044495
621573.0,Austin Dean,621573.0,25,7,2.0,4,0,4,0.0,113,25,0.22123893805309736,0.2786885245901639,0.4336283185840708,0.7123168431742347,-0.099999204
