pitcher_id,player_name,pitcher_mlbid,IP,BB,H,ER,ERA,WHIP,prob_not_on_base
502042.0,Chris Archer,502042.0,148.33333333333334,49,155,71,4.307865168539326,1.3752808988764045,0.03148078
519242.0,Chris Sale,519242.0,158.0,34,102,37,2.107594936708861,0.8607594936708861,-0.22604498
643493.0,Austin Pruitt,643493.0,69.66666666666667,16,72,36,4.650717703349281,1.263157894736842,0.0018319999
598264.0,Matt Barnes,598264.0,61.666666666666664,31,47,25,3.6486486486486487,1.2648648648648648,-0.15280572
523260.0,Joe Kelly,523260.0,65.66666666666667,32,57,32,4.385786802030457,1.3553299492385786,-0.118009426
517008.0,Alex Colome,517008.0,68.0,21,59,23,3.044117647058824,1.1764705882352942,0.014799606
570632.0,Jose Urena,570632.0,174.0,51,155,77,3.9827586206896552,1.1839080459770115,-0.11136589
452657.0,Jon Lester,452657.0,181.66666666666666,64,174,67,3.3192660550458717,1.310091743119266,-0.03764692
518553.0,Steve Cishek,518553.0,70.33333333333333,28,45,17,2.175355450236967,1.0379146919431281,-0.30815145
488846.0,Brian Duensing,488846.0,37.666666666666664,29,42,32,7.6460176991150455,1.8849557522123894,-0.0044452273
608716.0,Drew Steckenrider,608716.0,64.66666666666667,27,55,28,3.896907216494845,1.268041237113402,-0.024416167
467008.0,Pedro Strop,467008.0,59.666666666666664,21,38,15,2.2625698324022347,0.9888268156424581,-0.46330848
547749.0,Junichi Tazawa,547749.0,28.0,16,35,22,7.071428571428571,1.8214285714285714,0.02272033
458677.0,Justin Wilson,458677.0,54.666666666666664,33,45,21,3.457317073170732,1.426829268292683,0.04958217
543557.0,Mike Montgomery,543557.0,124.0,39,131,55,3.9919354838709675,1.3709677419354838,0.025716878
518633.0,Danny Duffy,518633.0,155.0,70,161,84,4.87741935483871,1.4903225806451612,0.19812743
448306.0,James Shields,448306.0,204.66666666666666,78,190,103,4.529315960912053,1.3094462540716614,-0.18511762
430641.0,Blaine Boyer,430641.0,21.666666666666668,13,32,29,12.046153846153846,2.0769230769230766,0.25037497
641745.0,Brad Keller,641745.0,140.33333333333334,50,133,48,3.078384798099762,1.3040380047505937,0.0812716
572143.0,Burch Smith,572143.0,78.0,40,90,60,6.923076923076923,1.6666666666666667,0.05556922
543169.0,Brian Flynn,543169.0,75.66666666666667,35,87,34,4.044052863436123,1.6123348017621144,0.109971315
501593.0,Luis Avilan,501593.0,45.33333333333333,18,44,19,3.772058823529412,1.3676470588235297,0.0532331
543506.0,Brandon Maurer,543506.0,31.333333333333332,25,42,27,7.755319148936171,2.138297872340426,0.27584115
516969.0,Kelvin Herrera,516969.0,44.333333333333336,10,43,12,2.43609022556391,1.1954887218045112,-0.19535835
573668.0,Juan Minaya,573668.0,46.666666666666664,29,39,17,3.278571428571429,1.4571428571428573,-0.024803668
433587.0,Felix Hernandez,433587.0,155.66666666666666,59,159,96,5.550321199143469,1.4004282655246254,-0.05955132
446372.0,Corey Kluber,446372.0,215.0,34,179,69,2.8883720930232557,0.9906976744186047,-0.30326962
656186.0,Dan Altavilla,656186.0,20.666666666666668,15,11,6,2.612903225806451,1.2580645161290323,-0.23846792
543883.0,Nick Vincent,543883.0,56.333333333333336,15,50,25,3.994082840236686,1.1538461538461537,-0.114109285
504379.0,Juan Nicasio,504379.0,42.0,5,53,28,6.0,1.380952380952381,0.0894864
621242.0,Edwin Diaz,621242.0,73.33333333333333,17,41,16,1.9636363636363638,0.790909090909091,-0.3500388
571578.0,Patrick Corbin,571578.0,200.0,48,162,70,3.15,1.05,-0.13162252
592351.0,Jon Gray,592351.0,172.33333333333334,52,180,98,5.117988394584138,1.346228239845261,-0.034404974
543734.0,Chris Rusin,543734.0,54.666666666666664,26,56,37,6.091463414634147,1.5,0.07697665
623184.0,Scott Oberg,623184.0,58.666666666666664,12,46,16,2.454545454545455,0.9886363636363636,-0.29210737
673633.0,Yoshihisa Hirano,673633.0,66.33333333333333,23,49,18,2.442211055276382,1.085427135678392,-0.07944128
605177.0,Andrew Chafin,605177.0,49.333333333333336,25,41,17,3.1013513513513513,1.3378378378378377,-0.07340649
605151.0,Archie Bradley,605151.0,71.66666666666667,20,62,29,3.6418604651162787,1.1441860465116278,-0.035057444
493603.0,Adam Ottavino,493603.0,77.66666666666667,36,41,21,2.433476394849785,0.9914163090128755,-0.43158472
477569.0,Fernando Salas,477569.0,40.0,13,40,20,4.5,1.325,0.057671525
430935.0,Cole Hamels,430935.0,190.66666666666666,65,176,80,3.7762237762237763,1.263986013986014,-0.192677
434378.0,Justin Verlander,434378.0,214.0,37,156,60,2.523364485981308,0.9018691588785047,-0.1522961
600917.0,Jose Leclerc,600917.0,57.666666666666664,25,24,10,1.560693641618497,0.8497109826589596,-0.48685628
455119.0,Chris Martin,455119.0,41.666666666666664,5,46,21,4.536,1.224,-0.092423305
606965.0,Chris Devenski,606965.0,47.333333333333336,13,42,22,4.183098591549296,1.1619718309859155,-0.022125237
456713.0,Matt Bush,456713.0,23.0,14,23,12,4.695652173913043,1.608695652173913,0.053765956
502748.0,Brad Peacock,502748.0,65.0,20,56,25,3.4615384615384617,1.1692307692307693,-0.2093235
571704.0,Ken Giles,571704.0,50.333333333333336,7,54,26,4.649006622516556,1.2119205298013245,-0.0032684552
608665.0,Kendall Graveman,608665.0,34.333333333333336,13,44,29,7.601941747572815,1.6601941747572815,-0.037581924
572070.0,Garrett Richards,572070.0,76.33333333333333,34,64,31,3.6550218340611353,1.2838427947598254,-0.14452147
488748.0,Ryan Buchter,488748.0,39.333333333333336,15,32,12,2.7457627118644066,1.194915254237288,-0.06269831
433589.0,Yusmeiro Petit,433589.0,93.0,18,76,31,3.0,1.010752688172043,-0.26087886
592135.0,Cam Bedrosian,592135.0,64.0,26,63,27,3.796875,1.390625,0.18228178
595014.0,Blake Treinen,595014.0,80.33333333333333,21,46,7,0.7842323651452283,0.8340248962655602,-0.3037592
462382.0,Jim Johnson,462382.0,63.333333333333336,22,64,27,3.836842105263158,1.3578947368421053,0.036755156
598287.0,Noe Ramirez,598287.0,83.33333333333333,30,75,42,4.536,1.26,-0.052415423
501822.0,Chris Hatcher,501822.0,36.333333333333336,17,43,20,4.954128440366972,1.6513761467889907,0.17617169
453385.0,Clayton Richard,453385.0,158.66666666666666,60,159,94,5.331932773109243,1.3802521008403361,0.040819537
502624.0,Chase Anderson,502624.0,158.0,57,131,69,3.930379746835443,1.1898734177215189,-0.05551227
623352.0,Josh Hader,623352.0,81.33333333333333,30,36,22,2.434426229508197,0.8114754098360656,-0.41142827
489446.0,Kirby Yates,489446.0,63.0,17,41,15,2.142857142857143,0.9206349206349206,-0.3424227
458006.0,Matt Albers,458006.0,34.333333333333336,12,45,28,7.339805825242718,1.6601941747572815,0.26825115
489334.0,Craig Stammen,489334.0,79.0,17,65,24,2.7341772151898733,1.0379746835443038,-0.18150571
608349.0,Corey Knebel,608349.0,55.333333333333336,22,38,22,3.5783132530120483,1.0843373493975903,-0.15324678
543272.0,Brad Hand,543272.0,72.0,28,52,22,2.75,1.1111111111111112,-0.21345629
502026.0,Jeremy Jeffress,502026.0,76.66666666666667,27,49,11,1.291304347826087,0.9913043478260869,-0.12625842
606930.0,Jacob Barnes,606930.0,48.666666666666664,23,51,18,3.3287671232876717,1.5205479452054795,0.0667207
605164.0,Dylan Bundy,605164.0,171.66666666666666,54,188,104,5.4524271844660195,1.4097087378640778,0.1366483
543606.0,Jake Odorizzi,543606.0,164.33333333333334,70,151,82,4.490872210953347,1.3448275862068966,-0.11841809
435043.0,Zach Duke,435043.0,52.0,21,57,24,4.153846153846154,1.5,-0.13457121
592665.0,Addison Reed,592665.0,56.0,15,65,28,4.5,1.4285714285714286,0.08527041
542960.0,Brad Brach,542960.0,62.66666666666667,28,72,25,3.5904255319148937,1.5957446808510638,0.21915536
571710.0,Mychal Givens,571710.0,76.66666666666667,30,61,34,3.991304347826087,1.1869565217391305,-0.14625756
657610.0,Trevor Hildenberger,657610.0,73.0,26,75,44,5.424657534246575,1.3835616438356164,-0.14205115
407845.0,Fernando Rodney,407845.0,64.33333333333333,32,62,24,3.357512953367876,1.461139896373057,-0.25246724
542947.0,Richard Bleier,542947.0,32.666666666666664,4,36,7,1.9285714285714288,1.2244897959183674,0.049327835
457918.0,J.A. Happ,457918.0,177.66666666666666,51,150,72,3.6472795497185744,1.131332082551595,-0.15958728
622663.0,Luis Severino,622663.0,191.33333333333334,46,173,72,3.386759581881533,1.1445993031358885,-0.032003246
446099.0,John Axford,446099.0,54.666666666666664,22,52,32,5.26829268292683,1.353658536585366,0.015704587
571901.0,Aaron Loup,571901.0,39.666666666666664,14,48,20,4.53781512605042,1.5630252100840336,0.07532649
643338.0,Chad Green,643338.0,75.66666666666667,15,64,21,2.497797356828194,1.0440528634361232,-0.05054033
592130.0,Danny Barnes,592130.0,41.0,22,47,26,5.7073170731707314,1.6829268292682926,0.23198776
493200.0,Seunghwan Oh,493200.0,68.33333333333333,17,52,20,2.634146341463415,1.0097560975609756,-0.078626215
476454.0,Dellin Betances,476454.0,66.66666666666667,26,44,20,2.6999999999999997,1.0499999999999998,-0.38880038
461325.0,Tyler Clippard,461325.0,68.66666666666667,23,57,28,3.669902912621359,1.1650485436893203,-0.14471115
547973.0,Aroldis Chapman,547973.0,51.333333333333336,30,24,14,2.454545454545454,1.051948051948052,-0.39182165
527054.0,Julio Teheran,527054.0,175.66666666666666,84,122,77,3.944971537001898,1.172675521821632,-0.13083023
605400.0,Aaron Nola,605400.0,212.33333333333334,58,149,56,2.3736263736263736,0.9748822605965463,-0.16508211
472610.0,Luis Garcia,472610.0,46.0,18,49,31,6.065217391304348,1.4565217391304348,0.039929904
605388.0,Adam Morgan,605388.0,49.333333333333336,22,49,21,3.8310810810810807,1.439189189189189,0.017292123
493247.0,Peter Moylan,493247.0,28.333333333333332,18,32,14,4.447058823529412,1.7647058823529413,0.20987132
518693.0,Sam Freeman,518693.0,50.333333333333336,32,41,24,4.291390728476821,1.4503311258278144,-0.07362075
591693.0,Edubray Ramos,591693.0,42.666666666666664,15,34,11,2.3203125,1.1484375,-0.11382493
527055.0,Arodys Vizcaino,527055.0,38.333333333333336,15,30,9,2.1130434782608694,1.1739130434782608,-0.1339873
593576.0,Hector Neris,593576.0,47.666666666666664,16,46,27,5.097902097902098,1.3006993006993008,-0.05914714
519455.0,Jordan Zimmermann,519455.0,131.33333333333334,26,140,66,4.522842639593908,1.263959390862944,-0.028569171
467100.0,Ivan Nova,467100.0,161.0,35,171,75,4.192546583850931,1.279503105590062,0.115208834
599683.0,Warwick Saupold,599683.0,34.333333333333336,13,41,17,4.45631067961165,1.5728155339805825,0.09441994
593140.0,Michael Feliz,593140.0,47.666666666666664,23,49,30,5.664335664335664,1.5104895104895106,0.0066193053
502004.0,George Kontos,502004.0,26.666666666666668,7,27,13,4.3875,1.275,0.024047447
572888.0,Shane Greene,572888.0,63.333333333333336,19,68,36,5.11578947368421,1.3736842105263158,-0.037092544
553878.0,Felipe Vazquez,553878.0,70.0,24,63,21,2.6999999999999997,1.2428571428571429,0.038909692
543935.0,Alex Wilson,543935.0,61.666666666666664,15,50,23,3.356756756756757,1.0540540540540542,-0.12971935
643230.0,Steven Brault,643230.0,91.66666666666667,57,84,47,4.614545454545454,1.538181818181818,-0.20323312
477132.0,Clayton Kershaw,477132.0,161.33333333333334,29,139,49,2.7334710743801653,1.0413223140495866,-0.17366804
621389.0,Ty Blach,621389.0,118.66666666666667,41,133,56,4.247191011235955,1.4662921348314606,0.16786997
608638.0,JT Chargois,608638.0,32.333333333333336,15,26,12,3.34020618556701,1.268041237113402,-0.14636703
518715.0,Cory Gearrin,518715.0,57.33333333333333,21,56,24,3.7674418604651163,1.3430232558139537,0.058293503
451661.0,Josh Fields,451661.0,41.0,11,28,10,2.1951219512195124,0.9512195121951219,-0.31726253
453265.0,Tony Watson,453265.0,66.0,14,54,19,2.5909090909090913,1.0303030303030303,-0.26984656
571561.0,Tony Cingrani,571561.0,22.666666666666668,6,19,12,4.764705882352941,1.102941176470588,-0.34279236
519326.0,Hunter Strickland,519326.0,45.333333333333336,21,43,20,3.9705882352941178,1.4117647058823528,0.03320299
592789.0,Noah Syndergaard,592789.0,154.33333333333334,39,148,52,3.032397408207343,1.2116630669546435,-0.1452686
593372.0,Carlos Martinez,593372.0,118.66666666666667,60,100,41,3.109550561797753,1.348314606741573,-0.13542336
621199.0,Matt Bowman,621199.0,23.0,11,29,16,6.260869565217391,1.7391304347826086,0.15843955
446399.0,Brett Cecil,446399.0,32.666666666666664,25,39,25,6.887755102040817,1.959183673469388,0.09342801
607229.0,Robert Gsellman,607229.0,80.0,28,76,38,4.2749999999999995,1.3,-0.07037726
663855.0,Jordan Hicks,663855.0,77.66666666666667,45,59,31,3.5922746781115875,1.3390557939914163,0.07268341
461872.0,Anthony Swarzak,461872.0,26.333333333333332,14,28,18,6.151898734177215,1.5949367088607596,-0.26412442
592815.0,Sam Tuivailala,592815.0,37.0,12,41,14,3.4054054054054057,1.4324324324324325,0.1327263
544727.0,Jeurys Familia,544727.0,72.0,28,60,25,3.125,1.2222222222222223,-0.15421923
456701.0,Homer Bailey,456701.0,106.33333333333333,33,141,72,6.094043887147335,1.6363636363636365,0.24326362
453286.0,Max Scherzer,453286.0,220.66666666666666,51,150,62,2.528700906344411,0.9108761329305136,-0.2888801
607237.0,Amir Garrett,607237.0,63.0,25,56,30,4.285714285714286,1.2857142857142858,-0.3528464
445213.0,Brandon Kintzler,445213.0,60.666666666666664,22,67,31,4.598901098901099,1.4670329670329672,0.213122
593974.0,Wandy Peralta,593974.0,45.333333333333336,31,58,27,5.360294117647059,1.963235294117647,0.3132932
425492.0,Ryan Madson,425492.0,52.66666666666667,16,58,32,5.468354430379746,1.4050632911392404,-0.029812861
453172.0,Jared Hughes,453172.0,78.66666666666667,23,57,17,1.944915254237288,1.0169491525423728,-0.3452168
448281.0,Sean Doolittle,448281.0,45.0,6,21,8,1.6,0.6,-0.43073335
605483.0,Blake Snell,605483.0,180.66666666666666,64,112,38,1.892988929889299,0.974169741697417,-0.3579841
456034.0,David Price,456034.0,176.0,50,151,70,3.579545454545454,1.1420454545454546,-0.30991167
475054.0,Chaz Roe,475054.0,50.333333333333336,16,35,20,3.5761589403973506,1.0132450331125826,-0.24835418
621237.0,Jose Alvarado,621237.0,64.0,29,42,17,2.390625,1.109375,-0.38726366
542882.0,Matt Andriese,542882.0,78.66666666666666,25,84,46,5.26271186440678,1.3855932203389831,0.087146156
518886.0,Craig Kimbrel,518886.0,62.333333333333336,31,31,19,2.7433155080213902,0.9946524064171123,-0.17452525
592761.0,Caleb Smith,592761.0,77.33333333333333,33,63,36,4.189655172413794,1.2413793103448276,-0.06275164
543294.0,Kyle Hendricks,543294.0,199.0,44,184,76,3.437185929648241,1.1457286432160805,-0.17453034
607457.0,Kyle Barraclough,607457.0,55.666666666666664,34,40,26,4.203592814371258,1.3293413173652695,-0.32116193
605218.0,Carl Edwards Jr.,605218.0,52.0,32,36,15,2.596153846153846,1.3076923076923077,-0.18633936
446899.0,Brad Ziegler,446899.0,73.66666666666667,25,71,32,3.9095022624434383,1.3031674208144794,0.036465324
606424.0,Jarlin Garcia,606424.0,66.0,28,59,36,4.909090909090908,1.3181818181818181,0.006911679
572750.0,Eddie Butler,572750.0,49.66666666666667,19,59,31,5.61744966442953,1.570469798657718,0.12504701
628333.0,Odrisamer Despaigne,628333.0,39.0,19,52,29,6.6923076923076925,1.8205128205128205,0.25585383
453344.0,Brandon Morrow,453344.0,30.666666666666668,9,24,5,1.4673913043478262,1.076086956521739,-0.06316195
592662.0,Robbie Ray,592662.0,123.66666666666667,70,97,54,3.929919137466307,1.3504043126684635,-0.1740172
542881.0,Tyler Anderson,542881.0,176.0,59,165,89,4.551136363636364,1.2727272727272727,0.120628454
622608.0,Antonio Senzatela,622608.0,90.33333333333333,30,94,44,4.3837638376383765,1.3726937269372694,0.017475523
459429.0,Jake McGee,459429.0,51.333333333333336,16,59,37,6.487012987012987,1.461038961038961,-0.08951312
543766.0,Bryan Shaw,543766.0,54.666666666666664,28,70,36,5.926829268292683,1.7926829268292683,-0.003436447
502202.0,Brad Boxberger,502202.0,53.333333333333336,32,44,26,4.3875,1.425,-0.075098924
450729.0,Doug Fister,450729.0,66.0,19,73,33,4.5,1.393939393939394,0.11247051
572971.0,Dallas Keuchel,572971.0,204.66666666666666,58,211,85,3.737785016286645,1.3143322475570034,-0.14248958
592222.0,Alex Claudio,592222.0,68.33333333333333,13,91,34,4.478048780487805,1.5219512195121951,0.28908658
501925.0,Joe Smith,501925.0,45.666666666666664,12,34,19,3.7445255474452557,1.0072992700729928,-0.1998149
444468.0,Hector Rondon,444468.0,59.0,20,58,21,3.2033898305084745,1.3220338983050848,0.060980417
605309.0,Keone Kela,605309.0,52.0,19,38,19,3.2884615384615383,1.0961538461538463,-0.27311906
640455.0,Sean Manaea,640455.0,160.66666666666666,32,141,64,3.5850622406639006,1.0767634854771786,-0.019840252
572140.0,Tyler Skaggs,572140.0,125.33333333333333,40,127,56,4.021276595744681,1.3324468085106385,0.14845227
641941.0,Emilio Pagan,641941.0,62.0,19,55,30,4.35483870967742,1.1935483870967742,-0.061801743
453284.0,Blake Parker,453284.0,66.33333333333333,19,63,24,3.2562814070351758,1.236180904522613,-0.046583597
664192.0,Joey Lucchesi,664192.0,130.0,43,125,59,4.084615384615384,1.2923076923076924,0.06918649
468504.0,Jhoulys Chacin,468504.0,192.66666666666666,71,153,75,3.503460207612457,1.1626297577854672,-0.1948687
543359.0,Dan Jennings,543359.0,64.33333333333333,23,66,23,3.217616580310881,1.383419689119171,-0.111524746
605540.0,Brandon Woodruff,605540.0,42.333333333333336,14,36,17,3.6141732283464565,1.1811023622047243,-0.2481614
543118.0,Oliver Drake,543118.0,47.666666666666664,17,52,28,5.286713286713287,1.4475524475524477,0.06944348
592717.0,Aaron Sanchez,592717.0,105.0,58,106,57,4.885714285714285,1.561904761904762,0.13365461
547888.0,Masahiro Tanaka,547888.0,156.0,35,141,65,3.75,1.1282051282051282,-0.07010066
572193.0,Ryan Tepera,572193.0,64.66666666666667,24,55,26,3.6185567010309274,1.2216494845360824,0.092300214
592454.0,Tommy Kahnle,592454.0,23.333333333333332,15,23,17,6.557142857142858,1.6285714285714286,0.08248047
502085.0,David Robertson,502085.0,69.66666666666667,26,46,25,3.229665071770335,1.033492822966507,-0.1783716
532077.0,Roberto Osuna,532077.0,38.0,4,33,10,2.3684210526315788,0.9736842105263158,-0.03652498
592314.0,Mike Foltynewicz,592314.0,183.0,68,130,58,2.8524590163934427,1.0819672131147542,-0.1528322
601713.0,Nick Pivetta,601713.0,164.0,51,163,87,4.774390243902439,1.3048780487804879,0.11822468
644364.0,Victor Arano,644364.0,59.333333333333336,17,54,18,2.730337078651685,1.196629213483146,-0.09525928
621345.0,A.J. Minter,621345.0,61.333333333333336,22,57,22,3.2282608695652173,1.2880434782608696,0.12072454
571800.0,Drew Hutchison,571800.0,42.666666666666664,26,50,32,6.75,1.78125,0.2013226
622072.0,Alex Wood,622072.0,151.66666666666666,40,143,62,3.6791208791208794,1.2065934065934067,-0.035936438
456501.0,Johnny Cueto,456501.0,53.0,13,46,19,3.2264150943396226,1.1132075471698113,-0.24517561
445276.0,Kenley Jansen,445276.0,71.66666666666667,17,54,24,3.013953488372093,0.9906976744186046,-0.16038968
552640.0,Andrew Kittredge,552640.0,38.333333333333336,17,54,33,7.747826086956521,1.8521739130434782,0.1894732
519144.0,Rick Porcello,519144.0,191.33333333333334,48,177,91,4.280487804878049,1.17595818815331,0.04705304
642232.0,Ryan Yarbrough,642232.0,147.33333333333334,50,140,64,3.9095022624434383,1.2895927601809953,-0.021435602
592390.0,Heath Hembree,592390.0,60.0,27,53,28,4.2,1.3333333333333333,0.24970378
489265.0,Sergio Romo,489265.0,67.33333333333333,20,65,31,4.143564356435644,1.2623762376237624,0.124486245
506433.0,Yu Darvish,506433.0,40.0,21,36,22,4.95,1.425,-0.18799774
453178.0,Ian Kennedy,453178.0,119.66666666666667,40,125,62,4.662952646239554,1.3788300835654597,0.11130645
608337.0,Lucas Giolito,608337.0,173.33333333333334,90,166,118,6.1269230769230765,1.4769230769230768,-0.18662617
518858.0,Nate Jones,518858.0,30.0,15,28,10,3.0,1.4333333333333333,-0.04229956
465657.0,Joakim Soria,465657.0,60.666666666666664,16,53,21,3.1153846153846154,1.1373626373626373,0.018800657
572020.0,James Paxton,572020.0,160.33333333333334,42,134,67,3.7609147609147606,1.0977130977130976,-0.18471046
471911.0,Carlos Carrasco,471911.0,192.0,43,173,72,3.375,1.125,0.0109942155
596271.0,Casey Lawrence,596271.0,23.333333333333332,10,28,19,7.328571428571428,1.6285714285714286,0.12582229
502083.0,Zach McAllister,502083.0,45.0,10,57,31,6.2,1.488888888888889,0.16068518
453192.0,Andrew Miller,453192.0,34.0,16,31,16,4.235294117647059,1.3823529411764706,0.02729154
592102.0,Cody Allen,592102.0,67.0,33,58,35,4.701492537313433,1.3582089552238805,0.011940182
425844.0,Zack Greinke,425844.0,207.66666666666666,43,181,74,3.207062600321027,1.0786516853932584,-0.13633068
608566.0,German Marquez,608566.0,196.0,57,179,82,3.7653061224489797,1.2040816326530612,-0.10697655
451584.0,Wade Davis,451584.0,65.33333333333333,26,43,30,4.13265306122449,1.056122448979592,-0.6211824
519043.0,Matt Moore,519043.0,102.0,41,128,77,6.794117647058823,1.6568627450980393,0.34407985
621121.0,Lance McCullers Jr.,621121.0,128.33333333333334,50,100,55,3.8571428571428568,1.1688311688311688,-0.19101089
445926.0,Jesse Chavez,445926.0,95.33333333333334,17,84,27,2.5489510489510487,1.0594405594405594,-0.20550786
448609.0,Tony Sipp,448609.0,38.666666666666664,13,27,8,1.8620689655172415,1.0344827586206897,-0.07735063
518617.0,Jake Diekman,518617.0,53.333333333333336,31,49,28,4.7250000000000005,1.5,-0.056478318
543521.0,Collin McHugh,543521.0,72.33333333333333,21,45,16,1.9907834101382489,0.9124423963133641,-0.06431982
596043.0,Daniel Mengden,596043.0,115.66666666666667,26,103,52,4.046109510086455,1.1152737752161384,-0.038076065
533167.0,Matt Shoemaker,533167.0,31.0,10,29,17,4.935483870967742,1.2580645161290323,-0.14128914
521230.0,Liam Hendriks,521230.0,24.0,10,25,11,4.125,1.4583333333333333,0.14583084
543056.0,Danny Coulombe,543056.0,23.666666666666668,11,24,12,4.563380281690141,1.4788732394366197,0.023501495
606131.0,Luis Perdomo,606131.0,44.666666666666664,22,62,35,7.052238805970149,1.8805970149253732,0.32474926
608718.0,Brent Suter,608718.0,101.33333333333333,19,102,50,4.440789473684211,1.194078947368421,0.062413458
572362.0,Robbie Erlin,572362.0,109.0,12,112,51,4.2110091743119265,1.1376146788990826,-0.0926028
543475.0,Jordan Lyles,543475.0,87.66666666666666,28,83,40,4.106463878326997,1.2661596958174905,0.024592845
488768.0,Andrew Cashner,488768.0,153.0,65,177,90,5.294117647058823,1.5816993464052287,0.0028165935
502043.0,Kyle Gibson,502043.0,196.66666666666666,79,177,79,3.6152542372881356,1.3016949152542374,-0.0025960272
519151.0,Ryan Pressly,519151.0,71.0,22,57,20,2.535211267605634,1.1126760563380282,-0.038564187
612434.0,Miguel Castro,612434.0,86.33333333333333,50,75,38,3.9613899613899615,1.4478764478764479,-0.05994471
462136.0,Marco Estrada,462136.0,143.66666666666666,50,155,90,5.638051044083527,1.4269141531322507,0.16967335
476589.0,Adam Warren,476589.0,51.66666666666667,20,48,18,3.1354838709677413,1.3161290322580643,-0.15152618
656547.0,Jonathan Holder,656547.0,66.0,19,53,23,3.1363636363636367,1.0909090909090908,-0.2537367
435221.0,Brandon McCarthy,435221.0,78.66666666666667,21,94,43,4.919491525423728,1.461864406779661,0.1916552
592826.0,Vince Velasquez,592826.0,146.66666666666666,59,138,79,4.8477272727272736,1.3431818181818183,0.033271212
543001.0,Ryan Carpenter,543001.0,22.333333333333332,4,34,18,7.253731343283582,1.7014925373134329,0.2801037
641771.0,Chad Kuhl,641771.0,85.0,33,89,43,4.552941176470588,1.4352941176470588,-0.16179357
571656.0,Buck Farmer,571656.0,69.33333333333333,41,67,32,4.153846153846154,1.5576923076923077,0.2751232
607192.0,Tyler Glasnow,607192.0,111.66666666666666,53,89,53,4.271641791044776,1.2716417910447761,-0.10256409
628317.0,Kenta Maeda,628317.0,125.33333333333333,43,115,53,3.8058510638297878,1.2606382978723405,0.0036854625
502706.0,Derek Holland,502706.0,171.33333333333334,67,154,68,3.571984435797665,1.2898832684824901,-0.11003755
548389.0,Ross Stripling,548389.0,122.0,22,123,41,3.024590163934426,1.1885245901639345,0.0959314
473879.0,Sam Dyson,473879.0,70.33333333333333,20,56,21,2.6872037914691944,1.080568720379147,-0.111887164
520980.0,Pedro Baez,520980.0,56.333333333333336,23,46,18,2.875739644970414,1.2248520710059172,-0.13135941
594798.0,Jacob deGrom,594798.0,217.0,46,152,41,1.7004608294930874,0.9124423963133641,-0.34861392
608379.0,Michael Wacha,608379.0,84.33333333333333,36,68,30,3.2015810276679844,1.233201581027668,-0.007011763
502032.0,Bud Norris,502032.0,57.666666666666664,21,51,23,3.5895953757225434,1.2485549132947977,-0.022121176
622491.0,Luis Castillo,622491.0,169.66666666666666,49,158,81,4.296660117878193,1.2200392927308448,0.040154163
544931.0,Stephen Strasburg,544931.0,130.0,38,118,54,3.7384615384615385,1.2,-0.06367436
592169.0,Austin Brice,592169.0,37.333333333333336,13,39,24,5.785714285714285,1.3928571428571428,-0.14208683
519301.0,Sammy Solis,519301.0,39.333333333333336,18,43,28,6.406779661016949,1.5508474576271185,-0.0039833477
623451.0,Jackson Stephens,623451.0,38.333333333333336,15,50,21,4.930434782608695,1.6956521739130435,-0.06918956
594840.0,Matt Grace,594840.0,59.666666666666664,13,55,19,2.8659217877094973,1.1396648044692739,-0.21604359
607188.0,Jake Faria,607188.0,65.0,33,60,39,5.3999999999999995,1.4307692307692308,0.018580273
584171.0,Hector Velazquez,584171.0,85.0,26,97,30,3.1764705882352944,1.4470588235294117,0.17097582
630023.0,Yonny Chirinos,630023.0,89.66666666666667,25,84,35,3.5130111524163565,1.2156133828996283,-0.011177555
596071.0,Dillon Peters,596071.0,27.666666666666668,15,34,22,7.156626506024097,1.7710843373493974,0.24906164
500779.0,Jose Quintana,500779.0,174.33333333333334,68,162,78,4.0267686424474185,1.3193116634799233,-0.11996783
608334.0,Carson Fulmer,608334.0,32.333333333333336,24,37,29,8.072164948453608,1.8865979381443299,0.08047132
571476.0,Chris Beck,571476.0,34.0,20,34,17,4.5,1.588235294117647,0.14647827
502190.0,Mike Leake,502190.0,185.66666666666666,34,207,90,4.362657091561939,1.2980251346499103,0.008830701
545333.0,Trevor Bauer,545333.0,175.33333333333334,57,134,43,2.2072243346007605,1.0893536121673004,-0.12528591
519096.0,Dan Otero,519096.0,58.666666666666664,5,69,34,5.215909090909092,1.2613636363636365,-0.079357564
501985.0,Mike Minor,501985.0,157.0,38,138,73,4.1847133757961785,1.1210191082802548,-0.24279223
543037.0,Gerrit Cole,543037.0,200.33333333333334,64,143,64,2.875207986688852,1.0332778702163061,-0.1399835
605254.0,Daniel Gossett,605254.0,24.333333333333332,8,25,14,5.178082191780822,1.356164383561644,-0.005361269
660271.0,Shohei Ohtani,660271.0,51.666666666666664,22,38,19,3.3096774193548386,1.1612903225806452,-0.1127996
592332.0,Kevin Gausman,592332.0,183.66666666666666,50,189,80,3.9201451905626135,1.3012704174228675,0.051404797
621244.0,Jose Berrios,621244.0,192.33333333333334,61,159,82,3.8370883882149043,1.143847487001733,-0.1445362
573186.0,Marcus Stroman,573186.0,102.33333333333333,36,115,63,5.54071661237785,1.47557003257329,0.13171455
543243.0,Sonny Gray,543243.0,130.33333333333334,57,138,71,4.9028132992327365,1.49616368286445,0.063153125
605242.0,Michael Fulmer,605242.0,132.33333333333334,46,128,69,4.692695214105793,1.3148614609571787,0.006474927
592866.0,Trevor Williams,592866.0,170.66666666666666,55,146,59,3.111328125,1.177734375,-0.1355671
448179.0,Rich Hill,448179.0,132.66666666666666,41,108,54,3.663316582914573,1.1231155778894473,-0.122944325
608717.0,Chris Stratton,608717.0,145.0,54,153,82,5.089655172413793,1.4275862068965517,0.054277997
521655.0,Wilmer Font,521655.0,44.0,16,46,29,5.931818181818182,1.4090909090909092,0.18923986
571927.0,Steven Matz,571927.0,154.0,58,134,68,3.974025974025974,1.2467532467532467,0.045843285
596133.0,Luke Weaver,596133.0,136.33333333333334,54,150,75,4.951100244498777,1.496332518337408,0.040421315
623149.0,Paul Sewald,623149.0,56.333333333333336,23,62,38,6.071005917159764,1.5088757396449703,0.16921578
460283.0,Jerry Blevins,460283.0,42.666666666666664,22,36,23,4.8515625,1.359375,-0.09256512
608678.0,Dominic Leone,608678.0,24.0,8,27,12,4.5,1.4583333333333333,-0.17681928
607219.0,Sal Romano,607219.0,145.66666666666666,53,155,86,5.31350114416476,1.4279176201372998,0.03151315
461829.0,Gio Gonzalez,461829.0,171.0,80,167,80,4.2105263157894735,1.4444444444444444,-0.06770554
451596.0,Yovani Gallardo,451596.0,94.33333333333333,47,107,67,6.392226148409894,1.6325088339222615,0.16048235
628452.0,Raisel Iglesias,628452.0,72.0,25,52,19,2.375,1.0694444444444444,-0.21411851
450203.0,Charlie Morton,450203.0,167.0,64,130,58,3.125748502994012,1.1616766467065869,-0.17497921
501957.0,Chris Tillman,501957.0,26.666666666666668,17,42,31,10.462499999999999,2.2125,0.35399318
670950.0,Trevor Richards,670950.0,126.33333333333333,54,121,62,4.41688654353562,1.3852242744063326,-0.10093549
598271.0,Brian Johnson,598271.0,99.33333333333333,38,104,46,4.167785234899329,1.429530201342282,-0.06944304
641816.0,Tyler Mahle,641816.0,112.0,53,125,62,4.982142857142858,1.5892857142857142,0.1678627
543022.0,Tyler Chatwood,543022.0,103.66666666666667,95,92,61,5.295819935691318,1.8038585209003215,0.031628598
448802.0,Jaime Garcia,448802.0,82.0,44,82,53,5.817073170731708,1.5365853658536586,0.067931056
625643.0,Reynaldo Lopez,625643.0,188.66666666666666,75,165,82,3.9116607773851593,1.2720848056537104,-0.13709235
605182.0,Mike Clevinger,605182.0,200.0,67,164,67,3.015,1.155,-0.17632395
279571.0,Matt Belisle,279571.0,34.333333333333336,11,49,30,7.864077669902912,1.7475728155339805,-0.19048648
571951.0,Bryan Mitchell,571951.0,73.0,43,85,44,5.424657534246575,1.7534246575342465,0.24010415
518452.0,Chad Bettis,518452.0,120.33333333333333,47,121,67,5.011080332409972,1.3961218836565097,-0.10585674
434538.0,Francisco Liriano,434538.0,133.66666666666666,73,127,68,4.5785536159601,1.4962593516209477,0.11916518
434628.0,Jason Hammel,434628.0,127.0,39,168,85,6.0236220472440944,1.6299212598425197,0.041149516
547943.0,Hyun-Jin Ryu,547943.0,82.33333333333333,15,68,18,1.9676113360323888,1.008097165991903,-0.17856395
592791.0,Jameson Taillon,592791.0,191.0,46,179,68,3.2041884816753927,1.1780104712041886,-0.17008574
458681.0,Lance Lynn,458681.0,156.66666666666666,76,163,83,4.768085106382979,1.525531914893617,0.04515114
573124.0,Taylor Rogers,573124.0,68.33333333333333,16,49,20,2.634146341463415,0.951219512195122,-0.19606572
571945.0,Miles Mikolas,571945.0,200.66666666666666,29,186,63,2.8255813953488373,1.0714285714285714,-0.13018586
656756.0,Jordan Montgomery,656756.0,27.333333333333332,12,25,11,3.6219512195121952,1.353658536585366,0.08828116
592741.0,Chasen Shreve,592741.0,52.666666666666664,27,53,23,3.930379746835443,1.518987341772152,0.18410902
592811.0,Andrew Triggs,592811.0,41.333333333333336,18,37,24,5.225806451612902,1.3306451612903225,-0.22495836
112526.0,Bartolo Colon,112526.0,146.33333333333334,25,172,94,5.78132118451025,1.3462414578587698,-0.026515907
656794.0,Sean Newcomb,656794.0,164.0,81,137,71,3.8963414634146343,1.329268292682927,-0.32497644
543699.0,Tanner Roark,543699.0,180.33333333333334,50,181,87,4.341959334565619,1.2809611829944547,-0.011115685
434671.0,Anibal Sanchez,434671.0,136.66666666666666,42,106,43,2.8317073170731706,1.0829268292682928,-0.22880976
518875.0,Shawn Kelley,518875.0,49.0,11,33,16,2.9387755102040813,0.8979591836734694,-0.38280463
605541.0,Mike Wright,605541.0,84.33333333333333,36,101,52,5.549407114624506,1.624505928853755,0.106922925
456696.0,David Hernandez,456696.0,64.0,17,46,18,2.53125,0.984375,-0.43847758
502327.0,Hector Santiago,502327.0,102.0,60,102,51,4.5,1.588235294117647,0.11957054
458708.0,Josh Tomlin,458708.0,70.33333333333333,12,92,48,6.14218009478673,1.4786729857819907,0.15138014
475115.0,Tyson Ross,475115.0,149.66666666666666,62,132,69,4.149220489977728,1.2962138084632517,-0.18412232
607536.0,Kyle Freeland,607536.0,202.33333333333334,70,182,64,2.846787479406919,1.2454695222405272,-0.10224997
571510.0,Matthew Boyd,571510.0,170.33333333333334,51,146,83,4.385518590998043,1.1565557729941291,-0.108181454
596001.0,Jakob Junis,596001.0,177.0,43,182,86,4.372881355932203,1.271186440677966,-0.033637878
643327.0,Zack Godley,643327.0,178.33333333333334,81,177,94,4.74392523364486,1.4467289719626168,-0.034255516
518774.0,Matt Harvey,518774.0,155.0,37,165,85,4.935483870967742,1.303225806451613,-0.23041648
594902.0,Ben Lively,594902.0,30.333333333333336,15,41,19,5.637362637362637,1.846153846153846,0.28060383
607625.0,Seth Lugo,607625.0,101.33333333333333,28,81,30,2.6644736842105265,1.0756578947368423,-0.21977544
594835.0,Marco Gonzales,594835.0,166.66666666666666,32,172,74,3.996,1.224,-0.06420717
656427.0,Jack Flaherty,656427.0,151.0,59,108,56,3.337748344370861,1.1059602649006623,-0.1676356
595918.0,A.J. Cole,595918.0,48.333333333333336,22,55,33,6.144827586206896,1.593103448275862,0.11067641
570663.0,Hansel Robles,570663.0,56.0,25,53,23,3.696428571428571,1.3928571428571428,-0.020265251
572021.0,James Pazos,572021.0,50.0,15,47,16,2.88,1.24,-0.08054309
453281.0,Wade LeBlanc,453281.0,162.0,40,151,67,3.7222222222222223,1.1790123456790123,-0.10426938
425794.0,Adam Wainwright,425794.0,40.333333333333336,18,41,20,4.462809917355371,1.462809917355372,-0.05768802
664208.0,Phil Maton,664208.0,47.333333333333336,23,50,23,4.373239436619718,1.5422535211267605,-0.1657002
596057.0,Daniel Norris,596057.0,44.333333333333336,19,46,28,5.684210526315789,1.4661654135338344,0.028274035
527048.0,Martin Perez,527048.0,85.33333333333333,36,116,59,6.22265625,1.78125,0.29225868
621111.0,Walker Buehler,621111.0,137.33333333333334,37,95,40,2.6213592233009706,0.9611650485436892,-0.3742665
571863.0,Matt Koch,571863.0,86.66666666666667,22,88,40,4.153846153846153,1.2692307692307692,-0.047859672
570666.0,Luis Cessa,570666.0,44.666666666666664,13,51,26,5.2388059701492535,1.4328358208955225,0.054880086
605154.0,John Brebbia,605154.0,50.666666666666664,16,43,18,3.1973684210526314,1.1644736842105263,-0.036412343
593334.0,Domingo German,593334.0,85.66666666666667,33,81,53,5.568093385214007,1.3307392996108949,-0.09681714
571666.0,Mike Fiers,571666.0,172.0,37,166,68,3.5581395348837206,1.180232558139535,0.046157267
541652.0,Bruce Rondon,541652.0,29.666666666666668,27,37,28,8.49438202247191,2.157303370786517,0.26144516
453562.0,Jake Arrieta,453562.0,172.66666666666666,57,165,76,3.9613899613899615,1.2857142857142858,-0.17104638
570240.0,Felix Pena,570240.0,92.66666666666667,28,87,43,4.176258992805756,1.2410071942446042,-0.19241843
461833.0,Phil Hughes,461833.0,32.66666666666667,10,44,23,6.33673469387755,1.6530612244897958,0.044451874
593958.0,Eduardo Rodriguez,593958.0,129.66666666666666,45,119,55,3.817480719794345,1.2647814910025708,-0.18714562
642003.0,Cody Reed,642003.0,43.0,15,45,19,3.9767441860465116,1.3953488372093024,-0.2303274
518813.0,Greg Holland,518813.0,46.33333333333333,32,43,24,4.661870503597123,1.6187050359712232,0.24535006
607215.0,Eric Skoglund,607215.0,70.0,19,66,40,5.142857142857142,1.2142857142857142,-0.19849366
605498.0,Andrew Suarez,605498.0,160.33333333333334,45,163,80,4.49064449064449,1.2972972972972971,-0.12043253
642545.0,Jaime Barria,642545.0,129.33333333333334,47,117,49,3.4097938144329896,1.268041237113402,0.021036997
501817.0,Tony Barnette,501817.0,26.333333333333332,5,19,7,2.3924050632911396,0.9113924050632912,-0.371844
448855.0,Junior Guerra,448855.0,141.0,55,143,64,4.085106382978723,1.4042553191489362,0.11221626
554430.0,Zack Wheeler,554430.0,182.33333333333334,55,150,67,3.307129798903108,1.1243144424131626,-0.13780244
458690.0,Chris Volstad,458690.0,47.333333333333336,12,65,33,6.274647887323943,1.6267605633802815,0.13724285
607374.0,Nick Tropeano,607374.0,76.0,31,68,40,4.7368421052631575,1.3026315789473684,0.034826074
605240.0,Jace Fry,605240.0,51.333333333333336,20,37,25,4.383116883116883,1.1103896103896103,-0.28030044
571760.0,Andrew Heaney,571760.0,180.0,45,171,83,4.15,1.2,0.051197655
605195.0,Kyle Crick,605195.0,60.333333333333336,23,45,16,2.386740331491713,1.12707182320442,-0.33252072
502171.0,Alex Cobb,502171.0,152.33333333333334,43,172,83,4.903719912472647,1.411378555798687,0.08504255
543507.0,Trevor May,543507.0,25.333333333333332,5,21,9,3.1973684210526314,1.0263157894736843,-0.46891648
605232.0,Brandon Finnegan,605232.0,20.666666666666668,15,27,17,7.403225806451612,2.032258064516129,0.23353828
611093.0,Silvino Bracho,611093.0,31.0,12,25,11,3.1935483870967745,1.1935483870967742,-0.1060052
488786.0,Louis Coleman,488786.0,51.333333333333336,24,43,20,3.506493506493506,1.3051948051948052,0.013055673
592644.0,Adam Plutko,592644.0,76.66666666666667,23,78,45,5.282608695652174,1.317391304347826,-0.06755533
607352.0,Joe Biagini,607352.0,72.0,24,96,48,6.0,1.6666666666666667,0.25308678
605347.0,Jorge Lopez,605347.0,53.66666666666667,22,57,30,5.0310559006211175,1.4720496894409936,0.20594893
476451.0,Jeremy Hellickson,476451.0,91.33333333333333,20,78,35,3.4489051094890515,1.0729927007299271,-0.10733575
502239.0,Trevor Cahill,502239.0,110.0,41,90,46,3.7636363636363632,1.190909090909091,-0.1664401
623430.0,Ryan Dull,623430.0,25.333333333333332,7,22,12,4.2631578947368425,1.1447368421052633,0.03719014
642152.0,Lou Trivino,642152.0,74.0,31,53,24,2.9189189189189193,1.135135135135135,-0.1384027
605538.0,Matt Wisler,605538.0,40.0,7,41,19,4.2749999999999995,1.2,-0.2196383
519141.0,Drew Pomeranz,519141.0,74.0,44,87,50,6.081081081081081,1.7702702702702702,0.09044334
502188.0,Jeff Samardzija,502188.0,44.666666666666664,26,47,31,6.246268656716418,1.6343283582089554,0.066751294
488984.0,Tommy Hunter,488984.0,64.0,15,65,27,3.796875,1.25,0.036906563
541640.0,Erasmo Ramirez,541640.0,45.666666666666664,12,52,33,6.5036496350364965,1.4014598540145986,0.11560874
605121.0,Justin Anderson,605121.0,55.333333333333336,40,42,25,4.066265060240964,1.4819277108433735,-0.10368513
608331.0,Max Fried,608331.0,33.666666666666664,20,26,11,2.9405940594059405,1.3663366336633664,0.0016146696
543339.0,Daniel Hudson,543339.0,46.0,18,38,21,4.108695652173913,1.2173913043478262,0.06495269
608648.0,Tyler Duffey,608648.0,25.0,4,26,20,7.2,1.2,-0.0031448472
641778.0,Eric Lauer,641778.0,112.0,46,127,54,4.339285714285714,1.5446428571428572,0.195466
621261.0,Corey Oswalt,621261.0,64.66666666666667,20,69,42,5.845360824742267,1.3762886597938144,-0.03886402
458924.0,Jonny Venters,458924.0,34.33333333333333,16,26,14,3.6699029126213594,1.2233009708737865,-0.3515433
607231.0,John Gant,607231.0,114.0,57,91,44,3.4736842105263155,1.2982456140350878,-0.022791026
592229.0,Dylan Covey,592229.0,121.66666666666667,52,129,70,5.178082191780821,1.4876712328767123,-0.088988
612672.0,Wei-Yin Chen,612672.0,133.33333333333334,47,131,71,4.7924999999999995,1.335,-0.11623861
450306.0,Jason Vargas,450306.0,92.0,30,100,59,5.771739130434782,1.4130434782608696,0.06854894
592468.0,Nick Kingham,592468.0,76.0,26,79,44,5.210526315789474,1.381578947368421,-0.40997759
573185.0,Dan Straily,573185.0,122.33333333333333,52,107,56,4.119891008174387,1.2997275204359673,-0.09542485
647336.0,Mike Soroka,647336.0,25.666666666666668,7,30,10,3.506493506493506,1.4415584415584415,0.06854571
621107.0,Zach Eflin,621107.0,128.0,37,130,62,4.359375,1.3046875,-0.042271916
489119.0,Wade Miley,489119.0,80.66666666666667,27,71,23,2.5661157024793386,1.2148760330578512,-0.28224736
474463.0,Brett Anderson,474463.0,80.33333333333333,13,90,40,4.481327800829876,1.2821576763485478,0.13674422
519293.0,Will Smith,519293.0,53.0,15,37,15,2.547169811320755,0.9811320754716981,-0.38400087
622864.0,Fernando Romero,622864.0,55.666666666666664,19,60,29,4.688622754491018,1.4191616766467066,-0.24970408
554340.0,Yimi Garcia,554340.0,22.333333333333332,4,29,14,5.64179104477612,1.4776119402985075,0.01224414
502593.0,Jake Petricka,502593.0,45.666666666666664,16,59,23,4.532846715328468,1.6423357664233578,0.195367
543278.0,Blaine Hardy,543278.0,86.0,22,79,34,3.5581395348837206,1.1744186046511629,-0.15325227
622554.0,Seranthony Dominguez,622554.0,58.0,22,32,19,2.9482758620689653,0.9310344827586207,-0.21629015
621381.0,Matt Strahm,621381.0,61.333333333333336,21,39,14,2.0543478260869565,0.9782608695652174,-0.20136923
592773.0,Ryne Stanek,592773.0,66.33333333333333,27,45,22,2.984924623115578,1.085427135678392,-0.27963477
543208.0,Sam Gaviglio,543208.0,123.66666666666667,38,140,73,5.3126684636118595,1.4393530997304582,0.09270916
642547.0,Freddy Peralta,642547.0,78.33333333333333,40,49,37,4.251063829787234,1.1361702127659574,-0.28909454
519166.0,Neil Ramirez,519166.0,41.666666666666664,18,36,21,4.536,1.296,0.046633564
453214.0,Steven Wright,453214.0,53.666666666666664,26,41,16,2.6832298136645965,1.2484472049689441,-0.25631234
607200.0,Erick Fedde,607200.0,50.333333333333336,22,55,31,5.543046357615894,1.529801324503311,-0.14622764
525768.0,Tim Collins,525768.0,22.666666666666668,12,23,11,4.367647058823529,1.5441176470588234,-0.013803553
642558.0,Ariel Jurado,642558.0,54.666666666666664,18,66,36,5.926829268292683,1.5365853658536586,0.235719
453329.0,Clay Buchholz,453329.0,98.33333333333333,22,80,22,2.013559322033898,1.0372881355932204,-0.17287499
605276.0,David Hess,605276.0,103.33333333333333,37,106,56,4.87741935483871,1.3838709677419356,-0.16958584
543045.0,Adam Conley,543045.0,50.666666666666664,18,37,23,4.085526315789474,1.0855263157894737,-0.22963099
547179.0,Michael Lorenzen,547179.0,81.0,34,78,28,3.1111111111111107,1.382716049382716,-0.20756175
502212.0,Austin Bibens-Dirkx,502212.0,45.0,14,56,31,6.2,1.5555555555555556,-0.19387124
573064.0,Vidal Nuno III,573064.0,33.0,10,24,6,1.6363636363636365,1.0303030303030303,-0.22131987
605397.0,Joe Musgrove,605397.0,115.33333333333333,23,113,52,4.057803468208093,1.1791907514450868,-0.33958194
502522.0,Justin Miller,502522.0,52.333333333333336,17,42,21,3.611464968152866,1.127388535031847,-0.08967802
605446.0,Dereck Rodriguez,605446.0,118.33333333333333,36,98,37,2.8140845070422538,1.1323943661971831,-0.1697774
669456.0,Shane Bieber,669456.0,114.66666666666667,23,130,58,4.552325581395349,1.3343023255813953,-0.04183658
643410.0,Mark Leiter Jr.,643410.0,23.333333333333336,12,35,20,7.7142857142857135,2.0142857142857142,0.14286838
606273.0,Roenis Elias,606273.0,51.0,16,46,15,2.6470588235294117,1.2156862745098038,-0.18364684
620454.0,Jose Castillo,620454.0,38.333333333333336,12,23,14,3.2869565217391306,0.9130434782608695,-0.3236573
424144.0,Oliver Perez,424144.0,32.333333333333336,7,17,5,1.3917525773195873,0.7422680412371133,-0.31465194
596295.0,Austin Gomber,596295.0,75.0,32,81,37,4.44,1.5066666666666666,0.07565538
453343.0,Mark Melancon,453343.0,39.0,14,48,14,3.230769230769231,1.5897435897435896,0.19589794
518516.0,Madison Bumgarner,518516.0,129.66666666666666,43,118,47,3.2622107969151672,1.2416452442159385,-0.18686762
543101.0,Anthony DeSclafani,543101.0,115.0,30,118,63,4.930434782608695,1.2869565217391303,0.03138648
519443.0,Brandon Workman,519443.0,41.333333333333336,16,34,15,3.266129032258064,1.2096774193548387,0.10550907
543135.0,Nathan Eovaldi,543135.0,111.0,20,105,47,3.810810810810811,1.1261261261261262,-0.08291971
657571.0,Caleb Ferguson,657571.0,49.0,12,43,19,3.4897959183673466,1.1224489795918366,-0.086060606
650895.0,Diego Castillo,650895.0,56.666666666666664,18,36,20,3.1764705882352944,0.9529411764705883,-0.38899526
458584.0,Xavier Cedeno,458584.0,33.33333333333333,16,26,9,2.43,1.2600000000000002,-0.07398536
502154.0,Zack Britton,502154.0,40.666666666666664,21,29,14,3.098360655737705,1.2295081967213115,-0.3227924
606162.0,Yefry Ramirez,606162.0,65.33333333333333,36,64,43,5.923469387755102,1.5306122448979593,0.15229033
621112.0,Paul Blackburn,621112.0,27.666666666666668,6,33,22,7.156626506024097,1.4096385542168675,0.24911457
607074.0,Carlos Rodon,607074.0,120.66666666666667,55,97,56,4.176795580110497,1.2596685082872927,-0.22493297
622795.0,Yohander Mendez,622795.0,27.666666666666668,15,28,17,5.53012048192771,1.5542168674698795,-0.006721016
605135.0,Chris Bassitt,605135.0,47.666666666666664,19,40,16,3.0209790209790213,1.237762237762238,-0.19096825
642528.0,Jonathan Loaisiga,642528.0,24.666666666666668,12,26,14,5.108108108108108,1.5405405405405406,0.24844052
503449.0,Wily Peralta,503449.0,34.333333333333336,23,28,14,3.669902912621359,1.4854368932038835,0.06553677
641154.0,Pablo Lopez,641154.0,58.666666666666664,18,56,27,4.142045454545455,1.2613636363636365,0.06411243
592804.0,Tyler Thornburg,592804.0,24.0,10,28,15,5.625,1.5833333333333333,0.20546207
450212.0,Pat Neshek,450212.0,24.333333333333332,5,23,7,2.589041095890411,1.1506849315068495,0.14834467
641571.0,Heath Fillmyer,641571.0,82.33333333333333,32,78,39,4.2631578947368425,1.3360323886639678,0.15089592
621366.0,Ryan Borucki,621366.0,97.66666666666667,33,96,42,3.8703071672354943,1.3208191126279862,-0.14688595
491646.0,Jeanmar Gomez,491646.0,25.0,10,29,13,4.68,1.56,0.20587146
429719.0,Edwin Jackson,429719.0,92.0,37,75,34,3.326086956521739,1.2173913043478262,-0.15227206
457915.0,Javy Guerra,457915.0,35.666666666666664,12,42,22,5.551401869158879,1.5140186915887852,0.15150052
518489.0,Ryan Brasier,518489.0,33.666666666666664,7,19,6,1.603960396039604,0.7722772277227723,-0.070372894
606167.0,Adalberto Mejia,606167.0,22.333333333333332,9,17,5,2.0149253731343286,1.164179104477612,-0.35073394
594965.0,Daniel Ponce de Leon,594965.0,33.0,13,24,10,2.7272727272727275,1.121212121212121,-0.046709083
669203.0,Corbin Burnes,669203.0,38.0,11,27,11,2.605263157894737,1.0,-0.2241002
543548.0,Tommy Milone,543548.0,26.333333333333332,1,37,17,5.810126582278481,1.4430379746835444,-0.26477733
641712.0,Dakota Hudson,641712.0,46.0,18,38,21,4.108695652173913,1.2173913043478262,0.021235725
429722.0,Ervin Santana,429722.0,24.666666666666668,9,31,22,8.027027027027026,1.6216216216216215,0.09104465
605488.0,Jeffrey Springs,605488.0,32.0,14,32,12,3.375,1.4375,-0.066993736
657053.0,Touki Toussaint,657053.0,29.0,21,18,13,4.0344827586206895,1.3448275862068966,-0.2076435
656798.0,Jacob Nix,656798.0,42.333333333333336,13,52,33,7.015748031496063,1.5354330708661417,0.05454602
543391.0,Casey Kelly,543391.0,23.666666666666668,5,28,8,3.0422535211267605,1.3943661971830985,0.060176406
656887.0,Sean Reid-Foley,656887.0,33.333333333333336,21,31,19,5.13,1.5599999999999998,-0.012734815
640464.0,Kohl Stewart,640464.0,36.666666666666664,18,34,15,3.681818181818182,1.4181818181818182,-0.17662826
664028.0,Brett Kennedy,664028.0,26.666666666666668,12,36,20,6.75,1.7999999999999998,-0.09308509
664285.0,Framber Valdez,664285.0,37.0,24,22,9,2.1891891891891895,1.2432432432432432,-0.11808007
624427.0,Stephen Gonsalves,624427.0,24.666666666666668,22,28,18,6.5675675675675675,2.0270270270270268,0.436565
657624.0,Josh James,657624.0,23.0,7,15,6,2.3478260869565215,0.9565217391304348,-0.13413897
592716.0,Adrian Sampson,592716.0,23.0,4,24,11,4.304347826086957,1.2173913043478262,0.06720697
645261.0,Sandy Alcantara,645261.0,34.0,23,25,13,3.441176470588235,1.411764705882353,-0.0053718416
