pitcher_mlbid,IP,BB,H,ER,ERA,WHIP,pitcher_id,player_name,coef
112526.0,146.33333333333334,25,172,94,5.78132118451025,1.3462414578587698,112526.0,Bartolo Colon,-0.04078233242034912
279571.0,34.333333333333336,11,49,30,7.864077669902912,1.7475728155339805,279571.0,Matt Belisle,-0.01930929534137249
407845.0,64.33333333333333,32,62,24,3.357512953367876,1.461139896373057,407845.0,Fernando Rodney,-0.025545690208673477
424144.0,32.333333333333336,7,17,5,1.3917525773195873,0.7422680412371133,424144.0,Oliver Perez,-0.08970136940479279
425492.0,52.66666666666667,16,58,32,5.468354430379746,1.4050632911392404,425492.0,Ryan Madson,-0.00536059495061636
425794.0,40.333333333333336,18,41,20,4.462809917355371,1.462809917355372,425794.0,Adam Wainwright,-0.01914561353623867
425844.0,207.66666666666666,43,181,74,3.207062600321027,1.0786516853932584,425844.0,Zack Greinke,-0.0260989461094141
429719.0,92.0,37,75,34,3.326086956521739,1.2173913043478262,429719.0,Edwin Jackson,-0.04620032012462616
429722.0,24.666666666666668,9,31,22,8.027027027027026,1.6216216216216215,429722.0,Ervin Santana,0.012990855611860752
430641.0,21.666666666666668,13,32,29,12.046153846153846,2.0769230769230766,430641.0,Blaine Boyer,0.08867868781089783
430935.0,190.66666666666666,65,176,80,3.7762237762237763,1.263986013986014,430935.0,Cole Hamels,-0.02472536638379097
433587.0,155.66666666666666,59,159,96,5.550321199143469,1.4004282655246254,433587.0,Felix Hernandez,0.001441687229089439
433589.0,93.0,18,76,31,3.0,1.010752688172043,433589.0,Yusmeiro Petit,-0.05829421803355217
434378.0,214.0,37,156,60,2.523364485981308,0.9018691588785047,434378.0,Justin Verlander,-0.04279745742678642
434538.0,133.66666666666666,73,127,68,4.5785536159601,1.4962593516209477,434538.0,Francisco Liriano,0.009529490023851395
434628.0,127.0,39,168,85,6.0236220472440944,1.6299212598425197,434628.0,Jason Hammel,-0.006072572432458401
434671.0,136.66666666666666,42,106,43,2.8317073170731706,1.0829268292682928,434671.0,Anibal Sanchez,-0.040286507457494736
435043.0,52.0,21,57,24,4.153846153846154,1.5,435043.0,Zach Duke,-0.013868806883692741
435221.0,78.66666666666667,21,94,43,4.919491525423728,1.461864406779661,435221.0,Brandon McCarthy,0.0273396335542202
444468.0,59.0,20,58,21,3.2033898305084745,1.3220338983050848,444468.0,Hector Rondon,0.0003860263677779585
445213.0,60.666666666666664,22,67,31,4.598901098901099,1.4670329670329672,445213.0,Brandon Kintzler,-0.004388466011732817
445276.0,71.66666666666667,17,54,24,3.013953488372093,0.9906976744186046,445276.0,Kenley Jansen,-0.04578061029314995
445926.0,95.33333333333334,17,84,27,2.5489510489510487,1.0594405594405594,445926.0,Jesse Chavez,-0.005563022568821907
446099.0,54.666666666666664,22,52,32,5.26829268292683,1.353658536585366,446099.0,John Axford,0.024871012195944786
446372.0,215.0,34,179,69,2.8883720930232557,0.9906976744186047,446372.0,Corey Kluber,-0.0407722145318985
446399.0,32.666666666666664,25,39,25,6.887755102040817,1.959183673469388,446399.0,Brett Cecil,0.05382312089204788
446899.0,73.66666666666667,25,71,32,3.9095022624434383,1.3031674208144794,446899.0,Brad Ziegler,-0.00870527047663927
448179.0,132.66666666666666,41,108,54,3.663316582914573,1.1231155778894473,448179.0,Rich Hill,0.0009441489819437265
448281.0,45.0,6,21,8,1.6,0.6,448281.0,Sean Doolittle,-0.10808166861534119
448306.0,204.66666666666666,78,190,103,4.529315960912053,1.3094462540716614,448306.0,James Shields,-0.0364106260240078
448609.0,38.666666666666664,13,27,8,1.8620689655172415,1.0344827586206897,448609.0,Tony Sipp,-0.004208194091916084
448802.0,82.0,44,82,53,5.817073170731708,1.5365853658536586,448802.0,Jaime Garcia,0.007761224173009396
448855.0,141.0,55,143,64,4.085106382978723,1.4042553191489362,448855.0,Junior Guerra,0.045444734394550323
450203.0,167.0,64,130,58,3.125748502994012,1.1616766467065869,450203.0,Charlie Morton,0.00017850485164672136
450212.0,24.333333333333332,5,23,7,2.589041095890411,1.1506849315068495,450212.0,Pat Neshek,-0.004803705029189587
450306.0,92.0,30,100,59,5.771739130434782,1.4130434782608696,450306.0,Jason Vargas,-0.007875120267271996
450729.0,66.0,19,73,33,4.5,1.393939393939394,450729.0,Doug Fister,0.0006535474094562232
451584.0,65.33333333333333,26,43,30,4.13265306122449,1.056122448979592,451584.0,Wade Davis,-0.1213340163230896
451596.0,94.33333333333333,47,107,67,6.392226148409894,1.6325088339222615,451596.0,Yovani Gallardo,0.02677738480269909
451661.0,41.0,11,28,10,2.1951219512195124,0.9512195121951219,451661.0,Josh Fields,-0.06419273465871811
452657.0,181.66666666666666,64,174,67,3.3192660550458717,1.310091743119266,452657.0,Jon Lester,0.00743335485458374
453172.0,78.66666666666667,23,57,17,1.944915254237288,1.0169491525423728,453172.0,Jared Hughes,-0.07835868746042252
453178.0,119.66666666666667,40,125,62,4.662952646239554,1.3788300835654597,453178.0,Ian Kennedy,0.0410614013671875
453192.0,34.0,16,31,16,4.235294117647059,1.3823529411764706,453192.0,Andrew Miller,0.0414697527885437
453214.0,53.666666666666664,26,41,16,2.6832298136645965,1.2484472049689441,453214.0,Steven Wright,-0.005405715201050043
453265.0,66.0,14,54,19,2.5909090909090913,1.0303030303030303,453265.0,Tony Watson,-0.03669026494026184
453281.0,162.0,40,151,67,3.7222222222222223,1.1790123456790123,453281.0,Wade LeBlanc,-0.052134741097688675
453284.0,66.33333333333333,19,63,24,3.2562814070351758,1.236180904522613,453284.0,Blake Parker,-0.02639213390648365
453286.0,220.66666666666666,51,150,62,2.528700906344411,0.9108761329305136,453286.0,Max Scherzer,-0.05848266929388046
453329.0,98.33333333333333,22,80,22,2.013559322033898,1.0372881355932204,453329.0,Clay Buchholz,-0.04027605429291725
453343.0,39.0,14,48,14,3.230769230769231,1.5897435897435896,453343.0,Mark Melancon,0.0038665938191115856
453344.0,30.666666666666668,9,24,5,1.4673913043478262,1.076086956521739,453344.0,Brandon Morrow,-0.0032860080245882273
453385.0,158.66666666666666,60,159,94,5.331932773109243,1.3802521008403361,453385.0,Clayton Richard,0.011209550313651562
453562.0,172.66666666666666,57,165,76,3.9613899613899615,1.2857142857142858,453562.0,Jake Arrieta,-0.00490811001509428
455119.0,41.666666666666664,5,46,21,4.536,1.224,455119.0,Chris Martin,0.029867341741919518
456034.0,176.0,50,151,70,3.579545454545454,1.1420454545454546,456034.0,David Price,-0.0220755934715271
456501.0,53.0,13,46,19,3.2264150943396226,1.1132075471698113,456501.0,Johnny Cueto,-0.050673484802246094
456696.0,64.0,17,46,18,2.53125,0.984375,456696.0,David Hernandez,-0.056729283183813095
456701.0,106.33333333333333,33,141,72,6.094043887147335,1.6363636363636365,456701.0,Homer Bailey,0.048995815217494965
456713.0,23.0,14,23,12,4.695652173913043,1.608695652173913,456713.0,Matt Bush,0.015203253366053104
457915.0,35.666666666666664,12,42,22,5.551401869158879,1.5140186915887852,457915.0,Javy Guerra,0.03184918686747551
457918.0,177.66666666666666,51,150,72,3.6472795497185744,1.131332082551595,457918.0,J.A. Happ,-0.044858142733573914
458006.0,34.333333333333336,12,45,28,7.339805825242718,1.6601941747572815,458006.0,Matt Albers,0.009471580386161804
458584.0,33.33333333333333,16,26,9,2.43,1.2600000000000002,458584.0,Xavier Cedeno,-0.012718185782432556
458677.0,54.666666666666664,33,45,21,3.457317073170732,1.426829268292683,458677.0,Justin Wilson,0.04350068047642708
458681.0,156.66666666666666,76,163,83,4.768085106382979,1.525531914893617,458681.0,Lance Lynn,0.0183239933103323
458690.0,47.333333333333336,12,65,33,6.274647887323943,1.6267605633802815,458690.0,Chris Volstad,0.012570211663842201
458708.0,70.33333333333333,12,92,48,6.14218009478673,1.4786729857819907,458708.0,Josh Tomlin,0.024024445563554764
458924.0,34.33333333333333,16,26,14,3.6699029126213594,1.2233009708737865,458924.0,Jonny Venters,-0.05231407284736633
459429.0,51.333333333333336,16,59,37,6.487012987012987,1.461038961038961,459429.0,Jake McGee,-0.02558186836540699
460283.0,42.666666666666664,22,36,23,4.8515625,1.359375,460283.0,Jerry Blevins,-0.02964603714644909
461325.0,68.66666666666667,23,57,28,3.669902912621359,1.1650485436893203,461325.0,Tyler Clippard,-0.03554011136293411
461829.0,171.0,80,167,80,4.2105263157894735,1.4444444444444444,461829.0,Gio Gonzalez,-0.006023837253451347
461833.0,32.66666666666667,10,44,23,6.33673469387755,1.6530612244897958,461833.0,Phil Hughes,0.0003965310752391815
461872.0,26.333333333333332,14,28,18,6.151898734177215,1.5949367088607596,461872.0,Anthony Swarzak,-0.014814856462180614
462136.0,143.66666666666666,50,155,90,5.638051044083527,1.4269141531322507,462136.0,Marco Estrada,0.01200075913220644
462382.0,63.333333333333336,22,64,27,3.836842105263158,1.3578947368421053,462382.0,Jim Johnson,0.029159046709537506
465657.0,60.666666666666664,16,53,21,3.1153846153846154,1.1373626373626373,465657.0,Joakim Soria,0.016342686489224434
467008.0,59.666666666666664,21,38,15,2.2625698324022347,0.9888268156424581,467008.0,Pedro Strop,-0.08243783563375473
467100.0,161.0,35,171,75,4.192546583850931,1.279503105590062,467100.0,Ivan Nova,-0.03195089474320412
468504.0,192.66666666666666,71,153,75,3.503460207612457,1.1626297577854672,468504.0,Jhoulys Chacin,-0.0397590696811676
471911.0,192.0,43,173,72,3.375,1.125,471911.0,Carlos Carrasco,0.004463496617972851
472610.0,46.0,18,49,31,6.065217391304348,1.4565217391304348,472610.0,Luis Garcia,0.03339251130819321
473879.0,70.33333333333333,20,56,21,2.6872037914691944,1.080568720379147,473879.0,Sam Dyson,-0.05576862022280693
474463.0,80.33333333333333,13,90,40,4.481327800829876,1.2821576763485478,474463.0,Brett Anderson,-0.021528517827391624
475054.0,50.333333333333336,16,35,20,3.5761589403973506,1.0132450331125826,475054.0,Chaz Roe,-0.01909698359668255
475115.0,149.66666666666666,62,132,69,4.149220489977728,1.2962138084632517,475115.0,Tyson Ross,-0.025960320606827736
476451.0,91.33333333333333,20,78,35,3.4489051094890515,1.0729927007299271,476451.0,Jeremy Hellickson,-0.027839714661240578
476454.0,66.66666666666667,26,44,20,2.6999999999999997,1.0499999999999998,476454.0,Dellin Betances,-0.04183075949549675
476589.0,51.66666666666667,20,48,18,3.1354838709677413,1.3161290322580643,476589.0,Adam Warren,-0.03799145296216011
477132.0,161.33333333333334,29,139,49,2.7334710743801653,1.0413223140495866,477132.0,Clayton Kershaw,0.006519956048578024
477569.0,40.0,13,40,20,4.5,1.325,477569.0,Fernando Salas,0.020470330491662025
488748.0,39.333333333333336,15,32,12,2.7457627118644066,1.194915254237288,488748.0,Ryan Buchter,-0.03466453403234482
488768.0,153.0,65,177,90,5.294117647058823,1.5816993464052287,488768.0,Andrew Cashner,0.008977744728326797
488786.0,51.333333333333336,24,43,20,3.506493506493506,1.3051948051948052,488786.0,Louis Coleman,-0.051885418593883514
488846.0,37.666666666666664,29,42,32,7.6460176991150455,1.8849557522123894,488846.0,Brian Duensing,0.07784487307071686
488984.0,64.0,15,65,27,3.796875,1.25,488984.0,Tommy Hunter,-0.030393103137612343
489119.0,80.66666666666667,27,71,23,2.5661157024793386,1.2148760330578512,489119.0,Wade Miley,-0.07569493353366852
489265.0,67.33333333333333,20,65,31,4.143564356435644,1.2623762376237624,489265.0,Sergio Romo,0.01621808297932148
489334.0,79.0,17,65,24,2.7341772151898733,1.0379746835443038,489334.0,Craig Stammen,-0.02460853010416031
489446.0,63.0,17,41,15,2.142857142857143,0.9206349206349206,489446.0,Kirby Yates,-0.04855118691921234
491646.0,25.0,10,29,13,4.68,1.56,491646.0,Jeanmar Gomez,0.08077102154493332
493200.0,68.33333333333333,17,52,20,2.634146341463415,1.0097560975609756,493200.0,Seunghwan Oh,-0.06221478804945946
493247.0,28.333333333333332,18,32,14,4.447058823529412,1.7647058823529413,493247.0,Peter Moylan,0.044058382511138916
493603.0,77.66666666666667,36,41,21,2.433476394849785,0.9914163090128755,493603.0,Adam Ottavino,-0.06206841394305229
500779.0,174.33333333333334,68,162,78,4.0267686424474185,1.3193116634799233,500779.0,Jose Quintana,-0.015071003697812557
501593.0,45.33333333333333,18,44,19,3.772058823529412,1.3676470588235297,501593.0,Luis Avilan,-0.021609792485833168
501817.0,26.333333333333332,5,19,7,2.3924050632911396,0.9113924050632912,501817.0,Tony Barnette,-0.046389203518629074
501822.0,36.333333333333336,17,43,20,4.954128440366972,1.6513761467889907,501822.0,Chris Hatcher,0.008158508688211441
501925.0,45.666666666666664,12,34,19,3.7445255474452557,1.0072992700729928,501925.0,Joe Smith,-0.028293583542108536
501957.0,26.666666666666668,17,42,31,10.462499999999999,2.2125,501957.0,Chris Tillman,0.05787992849946022
501985.0,157.0,38,138,73,4.1847133757961785,1.1210191082802548,501985.0,Mike Minor,-0.023623036220669746
502004.0,26.666666666666668,7,27,13,4.3875,1.275,502004.0,George Kontos,-0.008517278358340263
502026.0,76.66666666666667,27,49,11,1.291304347826087,0.9913043478260869,502026.0,Jeremy Jeffress,-0.037311870604753494
502032.0,57.666666666666664,21,51,23,3.5895953757225434,1.2485549132947977,502032.0,Bud Norris,-0.006424257066100836
502042.0,148.33333333333334,49,155,71,4.307865168539326,1.3752808988764045,502042.0,Chris Archer,0.001591518404893577
502043.0,196.66666666666666,79,177,79,3.6152542372881356,1.3016949152542374,502043.0,Kyle Gibson,-0.01778392307460308
502083.0,45.0,10,57,31,6.2,1.488888888888889,502083.0,Zach McAllister,0.07348505407571793
502085.0,69.66666666666667,26,46,25,3.229665071770335,1.033492822966507,502085.0,David Robertson,-0.04159855097532272
502154.0,40.666666666666664,21,29,14,3.098360655737705,1.2295081967213115,502154.0,Zack Britton,-0.0272233746945858
502171.0,152.33333333333334,43,172,83,4.903719912472647,1.411378555798687,502171.0,Alex Cobb,-0.047193493694067
502188.0,44.666666666666664,26,47,31,6.246268656716418,1.6343283582089554,502188.0,Jeff Samardzija,-0.004834581166505814
502190.0,185.66666666666666,34,207,90,4.362657091561939,1.2980251346499103,502190.0,Mike Leake,0.005535442382097244
502202.0,53.333333333333336,32,44,26,4.3875,1.425,502202.0,Brad Boxberger,-0.01786176860332489
502212.0,45.0,14,56,31,6.2,1.5555555555555556,502212.0,Austin Bibens-Dirkx,-0.002922162413597107
502239.0,110.0,41,90,46,3.7636363636363632,1.190909090909091,502239.0,Trevor Cahill,-0.04989440739154816
502327.0,102.0,60,102,51,4.5,1.588235294117647,502327.0,Hector Santiago,0.05173014849424362
502522.0,52.333333333333336,17,42,21,3.611464968152866,1.127388535031847,502522.0,Justin Miller,-0.05389758199453354
502593.0,45.666666666666664,16,59,23,4.532846715328468,1.6423357664233578,502593.0,Jake Petricka,0.014889448881149292
502624.0,158.0,57,131,69,3.930379746835443,1.1898734177215189,502624.0,Chase Anderson,-0.04282240942120552
502706.0,171.33333333333334,67,154,68,3.571984435797665,1.2898832684824901,502706.0,Derek Holland,-0.022534828633069992
502748.0,65.0,20,56,25,3.4615384615384617,1.1692307692307693,502748.0,Brad Peacock,-0.015053167007863522
503449.0,34.333333333333336,23,28,14,3.669902912621359,1.4854368932038835,503449.0,Wily Peralta,0.007128043100237846
504379.0,42.0,5,53,28,6.0,1.380952380952381,504379.0,Juan Nicasio,0.0335317924618721
506433.0,40.0,21,36,22,4.95,1.425,506433.0,Yu Darvish,0.03817308694124222
516969.0,44.333333333333336,10,43,12,2.43609022556391,1.1954887218045112,516969.0,Kelvin Herrera,0.015049252659082413
517008.0,68.0,21,59,23,3.044117647058824,1.1764705882352942,517008.0,Alex Colome,-0.006299839820712805
518452.0,120.33333333333333,47,121,67,5.011080332409972,1.3961218836565097,518452.0,Chad Bettis,0.00677532609552145
518489.0,33.666666666666664,7,19,6,1.603960396039604,0.7722772277227723,518489.0,Ryan Brasier,-0.07471729069948196
518516.0,129.66666666666666,43,118,47,3.2622107969151672,1.2416452442159385,518516.0,Madison Bumgarner,-0.060016144067049026
518553.0,70.33333333333333,28,45,17,2.175355450236967,1.0379146919431281,518553.0,Steve Cishek,-0.045650795102119446
518617.0,53.333333333333336,31,49,28,4.7250000000000005,1.5,518617.0,Jake Diekman,-0.015117078088223934
518633.0,155.0,70,161,84,4.87741935483871,1.4903225806451612,518633.0,Danny Duffy,0.021961688995361328
518693.0,50.333333333333336,32,41,24,4.291390728476821,1.4503311258278144,518693.0,Sam Freeman,0.004089806694537401
518715.0,57.33333333333333,21,56,24,3.7674418604651163,1.3430232558139537,518715.0,Cory Gearrin,-0.002614834811538458
518774.0,155.0,37,165,85,4.935483870967742,1.303225806451613,518774.0,Matt Harvey,-0.03248905390501022
518813.0,46.33333333333333,32,43,24,4.661870503597123,1.6187050359712232,518813.0,Greg Holland,0.031989991664886475
518858.0,30.0,15,28,10,3.0,1.4333333333333333,518858.0,Nate Jones,-0.018840672448277473
518875.0,49.0,11,33,16,2.9387755102040813,0.8979591836734694,518875.0,Shawn Kelley,-0.07993396371603012
518886.0,62.333333333333336,31,31,19,2.7433155080213902,0.9946524064171123,518886.0,Craig Kimbrel,-0.06417670100927353
519043.0,102.0,41,128,77,6.794117647058823,1.6568627450980393,519043.0,Matt Moore,0.050198063254356384
519096.0,58.666666666666664,5,69,34,5.215909090909092,1.2613636363636365,519096.0,Dan Otero,-0.04794707149267197
519141.0,74.0,44,87,50,6.081081081081081,1.7702702702702702,519141.0,Drew Pomeranz,0.028475986793637276
519144.0,191.33333333333334,48,177,91,4.280487804878049,1.17595818815331,519144.0,Rick Porcello,0.027153601869940758
519151.0,71.0,22,57,20,2.535211267605634,1.1126760563380282,519151.0,Ryan Pressly,0.006760409101843834
519166.0,41.666666666666664,18,36,21,4.536,1.296,519166.0,Neil Ramirez,-0.03329989314079285
519242.0,158.0,34,102,37,2.107594936708861,0.8607594936708861,519242.0,Chris Sale,-0.05797543376684189
519293.0,53.0,15,37,15,2.547169811320755,0.9811320754716981,519293.0,Will Smith,-0.06723399460315704
519301.0,39.333333333333336,18,43,28,6.406779661016949,1.5508474576271185,519301.0,Sammy Solis,0.022708382457494736
519326.0,45.333333333333336,21,43,20,3.9705882352941178,1.4117647058823528,519326.0,Hunter Strickland,-0.015635622665286064
519443.0,41.333333333333336,16,34,15,3.266129032258064,1.2096774193548387,519443.0,Brandon Workman,0.010188285261392593
519455.0,131.33333333333334,26,140,66,4.522842639593908,1.263959390862944,519455.0,Jordan Zimmermann,-0.010217308066785336
520980.0,56.333333333333336,23,46,18,2.875739644970414,1.2248520710059172,520980.0,Pedro Baez,-0.03314513713121414
521230.0,24.0,10,25,11,4.125,1.4583333333333333,521230.0,Liam Hendriks,0.010039814747869968
521655.0,44.0,16,46,29,5.931818181818182,1.4090909090909092,521655.0,Wilmer Font,0.07473108172416687
523260.0,65.66666666666667,32,57,32,4.385786802030457,1.3553299492385786,523260.0,Joe Kelly,-0.012090513482689857
525768.0,22.666666666666668,12,23,11,4.367647058823529,1.5441176470588234,525768.0,Tim Collins,0.004851811565458775
527048.0,85.33333333333333,36,116,59,6.22265625,1.78125,527048.0,Martin Perez,0.04946054145693779
527054.0,175.66666666666666,84,122,77,3.944971537001898,1.172675521821632,527054.0,Julio Teheran,-0.04423002898693085
527055.0,38.333333333333336,15,30,9,2.1130434782608694,1.1739130434782608,527055.0,Arodys Vizcaino,-0.01813216134905815
532077.0,38.0,4,33,10,2.3684210526315788,0.9736842105263158,532077.0,Roberto Osuna,-0.02794617973268032
533167.0,31.0,10,29,17,4.935483870967742,1.2580645161290323,533167.0,Matt Shoemaker,-0.02072368748486042
541640.0,45.666666666666664,12,52,33,6.5036496350364965,1.4014598540145986,541640.0,Erasmo Ramirez,0.02263294905424118
541652.0,29.666666666666668,27,37,28,8.49438202247191,2.157303370786517,541652.0,Bruce Rondon,0.0887473002076149
542881.0,176.0,59,165,89,4.551136363636364,1.2727272727272727,542881.0,Tyler Anderson,0.03751576319336891
542882.0,78.66666666666666,25,84,46,5.26271186440678,1.3855932203389831,542882.0,Matt Andriese,-0.008183377794921398
542947.0,32.666666666666664,4,36,7,1.9285714285714288,1.2244897959183674,542947.0,Richard Bleier,-0.0017049404559656978
542960.0,62.66666666666667,28,72,25,3.5904255319148937,1.5957446808510638,542960.0,Brad Brach,0.00346671836450696
543001.0,22.333333333333332,4,34,18,7.253731343283582,1.7014925373134329,543001.0,Ryan Carpenter,0.019706008955836296
543022.0,103.66666666666667,95,92,61,5.295819935691318,1.8038585209003215,543022.0,Tyler Chatwood,0.033719878643751144
543037.0,200.33333333333334,64,143,64,2.875207986688852,1.0332778702163061,543037.0,Gerrit Cole,-0.040352657437324524
543045.0,50.666666666666664,18,37,23,4.085526315789474,1.0855263157894737,543045.0,Adam Conley,-0.01996648870408535
543056.0,23.666666666666668,11,24,12,4.563380281690141,1.4788732394366197,543056.0,Danny Coulombe,-0.0075789703987538815
543101.0,115.0,30,118,63,4.930434782608695,1.2869565217391303,543101.0,Anthony DeSclafani,0.033573348075151443
543118.0,47.666666666666664,17,52,28,5.286713286713287,1.4475524475524477,543118.0,Oliver Drake,0.02061074785888195
543135.0,111.0,20,105,47,3.810810810810811,1.1261261261261262,543135.0,Nathan Eovaldi,-0.03609654679894447
543169.0,75.66666666666667,35,87,34,4.044052863436123,1.6123348017621144,543169.0,Brian Flynn,-0.0006954082055017352
543208.0,123.66666666666667,38,140,73,5.3126684636118595,1.4393530997304582,543208.0,Sam Gaviglio,-0.013723013922572136
543243.0,130.33333333333334,57,138,71,4.9028132992327365,1.49616368286445,543243.0,Sonny Gray,0.008568018674850464
543272.0,72.0,28,52,22,2.75,1.1111111111111112,543272.0,Brad Hand,-0.04086241126060486
543278.0,86.0,22,79,34,3.5581395348837206,1.1744186046511629,543278.0,Blaine Hardy,-0.012011152692139149
543294.0,199.0,44,184,76,3.437185929648241,1.1457286432160805,543294.0,Kyle Hendricks,-0.0236243586987257
543339.0,46.0,18,38,21,4.108695652173913,1.2173913043478262,543339.0,Daniel Hudson,-0.04037971422076225
543359.0,64.33333333333333,23,66,23,3.217616580310881,1.383419689119171,543359.0,Dan Jennings,-0.0257753673940897
543391.0,23.666666666666668,5,28,8,3.0422535211267605,1.3943661971830985,543391.0,Casey Kelly,0.0035701345186680555
543475.0,87.66666666666666,28,83,40,4.106463878326997,1.2661596958174905,543475.0,Jordan Lyles,0.019392848014831543
543506.0,31.333333333333332,25,42,27,7.755319148936171,2.138297872340426,543506.0,Brandon Maurer,0.031957630068063736
543507.0,25.333333333333332,5,21,9,3.1973684210526314,1.0263157894736843,543507.0,Trevor May,-0.09965165704488754
543521.0,72.33333333333333,21,45,16,1.9907834101382489,0.9124423963133641,543521.0,Collin McHugh,-0.06939144432544708
543548.0,26.333333333333332,1,37,17,5.810126582278481,1.4430379746835444,543548.0,Tommy Milone,-0.012223315425217152
543557.0,124.0,39,131,55,3.9919354838709675,1.3709677419354838,543557.0,Mike Montgomery,-0.0013883871724829078
543606.0,164.33333333333334,70,151,82,4.490872210953347,1.3448275862068966,543606.0,Jake Odorizzi,-0.02078130654990673
543699.0,180.33333333333334,50,181,87,4.341959334565619,1.2809611829944547,543699.0,Tanner Roark,-0.029647663235664368
543734.0,54.666666666666664,26,56,37,6.091463414634147,1.5,543734.0,Chris Rusin,-0.017076343297958374
543766.0,54.666666666666664,28,70,36,5.926829268292683,1.7926829268292683,543766.0,Bryan Shaw,0.023699184879660606
543883.0,56.333333333333336,15,50,25,3.994082840236686,1.1538461538461537,543883.0,Nick Vincent,-0.035667747259140015
543935.0,61.666666666666664,15,50,23,3.356756756756757,1.0540540540540542,543935.0,Alex Wilson,-0.025971516966819763
544727.0,72.0,28,60,25,3.125,1.2222222222222223,544727.0,Jeurys Familia,0.02200279012322426
544931.0,130.0,38,118,54,3.7384615384615385,1.2,544931.0,Stephen Strasburg,-0.015658406540751457
545333.0,175.33333333333334,57,134,43,2.2072243346007605,1.0893536121673004,545333.0,Trevor Bauer,-0.03158657252788544
547179.0,81.0,34,78,28,3.1111111111111107,1.382716049382716,547179.0,Michael Lorenzen,-0.05212816968560219
547749.0,28.0,16,35,22,7.071428571428571,1.8214285714285714,547749.0,Junichi Tazawa,-0.019890833646059036
547888.0,156.0,35,141,65,3.75,1.1282051282051282,547888.0,Masahiro Tanaka,0.012207183055579662
547943.0,82.33333333333333,15,68,18,1.9676113360323888,1.008097165991903,547943.0,Hyun-Jin Ryu,-0.030279995873570442
547973.0,51.333333333333336,30,24,14,2.454545454545454,1.051948051948052,547973.0,Aroldis Chapman,-0.02272377721965313
548389.0,122.0,22,123,41,3.024590163934426,1.1885245901639345,548389.0,Ross Stripling,-0.006603308022022247
552640.0,38.333333333333336,17,54,33,7.747826086956521,1.8521739130434782,552640.0,Andrew Kittredge,0.07777540385723114
553878.0,70.0,24,63,21,2.6999999999999997,1.2428571428571429,553878.0,Felipe Vazquez,0.015703070908784866
554340.0,22.333333333333332,4,29,14,5.64179104477612,1.4776119402985075,554340.0,Yimi Garcia,0.026357654482126236
554430.0,182.33333333333334,55,150,67,3.307129798903108,1.1243144424131626,554430.0,Zack Wheeler,-0.05005374550819397
570240.0,92.66666666666667,28,87,43,4.176258992805756,1.2410071942446042,570240.0,Felix Pena,-0.030365368351340294
570632.0,174.0,51,155,77,3.9827586206896552,1.1839080459770115,570632.0,Jose Urena,-0.018182912841439247
570663.0,56.0,25,53,23,3.696428571428571,1.3928571428571428,570663.0,Hansel Robles,-0.0018697339110076427
570666.0,44.666666666666664,13,51,26,5.2388059701492535,1.4328358208955225,570666.0,Luis Cessa,0.03833729401230812
571476.0,34.0,20,34,17,4.5,1.588235294117647,571476.0,Chris Beck,0.053193796426057816
571510.0,170.33333333333334,51,146,83,4.385518590998043,1.1565557729941291,571510.0,Matthew Boyd,-0.04008227586746216
571561.0,22.666666666666668,6,19,12,4.764705882352941,1.102941176470588,571561.0,Tony Cingrani,-0.06586278975009918
571578.0,200.0,48,162,70,3.15,1.05,571578.0,Patrick Corbin,-0.03508216515183449
571656.0,69.33333333333333,41,67,32,4.153846153846154,1.5576923076923077,571656.0,Buck Farmer,0.027543121948838234
571666.0,172.0,37,166,68,3.5581395348837206,1.180232558139535,571666.0,Mike Fiers,0.00429859384894371
571704.0,50.333333333333336,7,54,26,4.649006622516556,1.2119205298013245,571704.0,Ken Giles,0.025164945051074028
571710.0,76.66666666666667,30,61,34,3.991304347826087,1.1869565217391305,571710.0,Mychal Givens,-0.022457974031567574
571760.0,180.0,45,171,83,4.15,1.2,571760.0,Andrew Heaney,-0.027971891686320305
571800.0,42.666666666666664,26,50,32,6.75,1.78125,571800.0,Drew Hutchison,0.020350517705082893
571863.0,86.66666666666667,22,88,40,4.153846153846153,1.2692307692307692,571863.0,Matt Koch,-0.03150242939591408
571901.0,39.666666666666664,14,48,20,4.53781512605042,1.5630252100840336,571901.0,Aaron Loup,0.013553011231124401
571927.0,154.0,58,134,68,3.974025974025974,1.2467532467532467,571927.0,Steven Matz,-0.019523829221725464
571945.0,200.66666666666666,29,186,63,2.8255813953488373,1.0714285714285714,571945.0,Miles Mikolas,-0.006965151522308588
571951.0,73.0,43,85,44,5.424657534246575,1.7534246575342465,571951.0,Bryan Mitchell,0.007673298940062523
572020.0,160.33333333333334,42,134,67,3.7609147609147606,1.0977130977130976,572020.0,James Paxton,-0.02110961824655533
572021.0,50.0,15,47,16,2.88,1.24,572021.0,James Pazos,0.018460366874933243
572070.0,76.33333333333333,34,64,31,3.6550218340611353,1.2838427947598254,572070.0,Garrett Richards,-0.01014204416424036
572140.0,125.33333333333333,40,127,56,4.021276595744681,1.3324468085106385,572140.0,Tyler Skaggs,0.008319918997585773
572143.0,78.0,40,90,60,6.923076923076923,1.6666666666666667,572143.0,Burch Smith,0.035916801542043686
572193.0,64.66666666666667,24,55,26,3.6185567010309274,1.2216494845360824,572193.0,Ryan Tepera,0.011126294732093811
572362.0,109.0,12,112,51,4.2110091743119265,1.1376146788990826,572362.0,Robbie Erlin,-0.024146685376763344
572750.0,49.66666666666667,19,59,31,5.61744966442953,1.570469798657718,572750.0,Eddie Butler,-0.03280118107795715
572888.0,63.333333333333336,19,68,36,5.11578947368421,1.3736842105263158,572888.0,Shane Greene,-0.0028817730490118265
572971.0,204.66666666666666,58,211,85,3.737785016286645,1.3143322475570034,572971.0,Dallas Keuchel,0.010349074378609657
573064.0,33.0,10,24,6,1.6363636363636365,1.0303030303030303,573064.0,Vidal Nuno III,-0.035618651658296585
573124.0,68.33333333333333,16,49,20,2.634146341463415,0.951219512195122,573124.0,Taylor Rogers,-0.04824262484908104
573185.0,122.33333333333333,52,107,56,4.119891008174387,1.2997275204359673,573185.0,Dan Straily,-0.02038661576807499
573186.0,102.33333333333333,36,115,63,5.54071661237785,1.47557003257329,573186.0,Marcus Stroman,0.011647646315395832
573668.0,46.666666666666664,29,39,17,3.278571428571429,1.4571428571428573,573668.0,Juan Minaya,-0.03157584369182587
584171.0,85.0,26,97,30,3.1764705882352944,1.4470588235294117,584171.0,Hector Velazquez,0.046750906854867935
591693.0,42.666666666666664,15,34,11,2.3203125,1.1484375,591693.0,Edubray Ramos,-0.01520195510238409
592102.0,67.0,33,58,35,4.701492537313433,1.3582089552238805,592102.0,Cody Allen,0.00020551515626721084
592130.0,41.0,22,47,26,5.7073170731707314,1.6829268292682926,592130.0,Danny Barnes,0.015748385339975357
592135.0,64.0,26,63,27,3.796875,1.390625,592135.0,Cam Bedrosian,0.038118500262498856
592169.0,37.333333333333336,13,39,24,5.785714285714285,1.3928571428571428,592169.0,Austin Brice,-0.01933872140944004
592222.0,68.33333333333333,13,91,34,4.478048780487805,1.5219512195121951,592222.0,Alex Claudio,0.03171737119555473
592229.0,121.66666666666667,52,129,70,5.178082191780821,1.4876712328767123,592229.0,Dylan Covey,-0.041023001074790955
592314.0,183.0,68,130,58,2.8524590163934427,1.0819672131147542,592314.0,Mike Foltynewicz,-0.0021679955534636974
592332.0,183.66666666666666,50,189,80,3.9201451905626135,1.3012704174228675,592332.0,Kevin Gausman,-0.0004778711299877614
592351.0,172.33333333333334,52,180,98,5.117988394584138,1.346228239845261,592351.0,Jon Gray,-0.01375553384423256
592390.0,60.0,27,53,28,4.2,1.3333333333333333,592390.0,Heath Hembree,0.015552418306469917
592454.0,23.333333333333332,15,23,17,6.557142857142858,1.6285714285714286,592454.0,Tommy Kahnle,0.02352268621325493
592468.0,76.0,26,79,44,5.210526315789474,1.381578947368421,592468.0,Nick Kingham,-0.042970284819602966
592644.0,76.66666666666667,23,78,45,5.282608695652174,1.317391304347826,592644.0,Adam Plutko,-0.03463008254766464
592662.0,123.66666666666667,70,97,54,3.929919137466307,1.3504043126684635,592662.0,Robbie Ray,-0.02368086390197277
592665.0,56.0,15,65,28,4.5,1.4285714285714286,592665.0,Addison Reed,0.005859258584678173
592716.0,23.0,4,24,11,4.304347826086957,1.2173913043478262,592716.0,Adrian Sampson,-0.04813602566719055
592717.0,105.0,58,106,57,4.885714285714285,1.561904761904762,592717.0,Aaron Sanchez,0.020964771509170532
592741.0,52.666666666666664,27,53,23,3.930379746835443,1.518987341772152,592741.0,Chasen Shreve,0.024504275992512703
592761.0,77.33333333333333,33,63,36,4.189655172413794,1.2413793103448276,592761.0,Caleb Smith,-0.0380144864320755
592773.0,66.33333333333333,27,45,22,2.984924623115578,1.085427135678392,592773.0,Ryne Stanek,-0.03530818596482277
592789.0,154.33333333333334,39,148,52,3.032397408207343,1.2116630669546435,592789.0,Noah Syndergaard,-0.05249614268541336
592791.0,191.0,46,179,68,3.2041884816753927,1.1780104712041886,592791.0,Jameson Taillon,-0.030250899493694305
592804.0,24.0,10,28,15,5.625,1.5833333333333333,592804.0,Tyler Thornburg,-0.0031807073391973972
592811.0,41.333333333333336,18,37,24,5.225806451612902,1.3306451612903225,592811.0,Andrew Triggs,-0.006683724001049995
592815.0,37.0,12,41,14,3.4054054054054057,1.4324324324324325,592815.0,Sam Tuivailala,-0.005413916427642107
592826.0,146.66666666666666,59,138,79,4.8477272727272736,1.3431818181818183,592826.0,Vince Velasquez,0.007583642844110727
592866.0,170.66666666666666,55,146,59,3.111328125,1.177734375,592866.0,Trevor Williams,-0.025009138509631157
593140.0,47.666666666666664,23,49,30,5.664335664335664,1.5104895104895106,593140.0,Michael Feliz,0.0036505262833088636
593334.0,85.66666666666667,33,81,53,5.568093385214007,1.3307392996108949,593334.0,Domingo German,0.008853001520037651
593372.0,118.66666666666667,60,100,41,3.109550561797753,1.348314606741573,593372.0,Carlos Martinez,-0.011541025713086128
593576.0,47.666666666666664,16,46,27,5.097902097902098,1.3006993006993008,593576.0,Hector Neris,0.01230739988386631
593958.0,129.66666666666666,45,119,55,3.817480719794345,1.2647814910025708,593958.0,Eduardo Rodriguez,-0.043263666331768036
593974.0,45.333333333333336,31,58,27,5.360294117647059,1.963235294117647,593974.0,Wandy Peralta,0.056448716670274734
594798.0,217.0,46,152,41,1.7004608294930874,0.9124423963133641,594798.0,Jacob deGrom,-0.06127946078777313
594835.0,166.66666666666666,32,172,74,3.996,1.224,594835.0,Marco Gonzales,0.03462180122733116
594840.0,59.666666666666664,13,55,19,2.8659217877094973,1.1396648044692739,594840.0,Matt Grace,-0.008586101233959198
594902.0,30.333333333333336,15,41,19,5.637362637362637,1.846153846153846,594902.0,Ben Lively,0.030645614489912987
594965.0,33.0,13,24,10,2.7272727272727275,1.121212121212121,594965.0,Daniel Ponce de Leon,-0.05427543818950653
595014.0,80.33333333333333,21,46,7,0.7842323651452283,0.8340248962655602,595014.0,Blake Treinen,-0.04221193492412567
595918.0,48.333333333333336,22,55,33,6.144827586206896,1.593103448275862,595918.0,A.J. Cole,0.027024107053875923
596001.0,177.0,43,182,86,4.372881355932203,1.271186440677966,596001.0,Jakob Junis,-0.051767975091934204
596043.0,115.66666666666667,26,103,52,4.046109510086455,1.1152737752161384,596043.0,Daniel Mengden,-0.05135399103164673
596057.0,44.333333333333336,19,46,28,5.684210526315789,1.4661654135338344,596057.0,Daniel Norris,-0.04520241543650627
596071.0,27.666666666666668,15,34,22,7.156626506024097,1.7710843373493974,596071.0,Dillon Peters,0.021191144362092018
596133.0,136.33333333333334,54,150,75,4.951100244498777,1.496332518337408,596133.0,Luke Weaver,0.0023378392215818167
596271.0,23.333333333333332,10,28,19,7.328571428571428,1.6285714285714286,596271.0,Casey Lawrence,0.02853679470717907
596295.0,75.0,32,81,37,4.44,1.5066666666666666,596295.0,Austin Gomber,-0.0016591941239312291
598264.0,61.666666666666664,31,47,25,3.6486486486486487,1.2648648648648648,598264.0,Matt Barnes,-0.035023126751184464
598271.0,99.33333333333333,38,104,46,4.167785234899329,1.429530201342282,598271.0,Brian Johnson,0.007548372261226177
598287.0,83.33333333333333,30,75,42,4.536,1.26,598287.0,Noe Ramirez,-0.012050977908074856
599683.0,34.333333333333336,13,41,17,4.45631067961165,1.5728155339805825,599683.0,Warwick Saupold,-0.015042180195450783
600917.0,57.666666666666664,25,24,10,1.560693641618497,0.8497109826589596,600917.0,Jose Leclerc,-0.08986310660839081
601713.0,164.0,51,163,87,4.774390243902439,1.3048780487804879,601713.0,Nick Pivetta,0.03620126470923424
605121.0,55.333333333333336,40,42,25,4.066265060240964,1.4819277108433735,605121.0,Justin Anderson,-0.011337796226143837
605135.0,47.666666666666664,19,40,16,3.0209790209790213,1.237762237762238,605135.0,Chris Bassitt,-0.04651438444852829
605151.0,71.66666666666667,20,62,29,3.6418604651162787,1.1441860465116278,605151.0,Archie Bradley,0.005603159312158823
605154.0,50.666666666666664,16,43,18,3.1973684210526314,1.1644736842105263,605154.0,John Brebbia,-0.015142056159675121
605164.0,171.66666666666666,54,188,104,5.4524271844660195,1.4097087378640778,605164.0,Dylan Bundy,0.031931839883327484
605177.0,49.333333333333336,25,41,17,3.1013513513513513,1.3378378378378377,605177.0,Andrew Chafin,-0.02440108172595501
605182.0,200.0,67,164,67,3.015,1.155,605182.0,Mike Clevinger,-0.059337224811315536
605195.0,60.333333333333336,23,45,16,2.386740331491713,1.12707182320442,605195.0,Kyle Crick,-0.05409038066864014
605218.0,52.0,32,36,15,2.596153846153846,1.3076923076923077,605218.0,Carl Edwards Jr.,0.002331625670194626
605232.0,20.666666666666668,15,27,17,7.403225806451612,2.032258064516129,605232.0,Brandon Finnegan,0.024228114634752274
605240.0,51.333333333333336,20,37,25,4.383116883116883,1.1103896103896103,605240.0,Jace Fry,-0.04763651266694069
605242.0,132.33333333333334,46,128,69,4.692695214105793,1.3148614609571787,605242.0,Michael Fulmer,-0.03350863605737686
605254.0,24.333333333333332,8,25,14,5.178082191780822,1.356164383561644,605254.0,Daniel Gossett,0.02932140976190567
605276.0,103.33333333333333,37,106,56,4.87741935483871,1.3838709677419356,605276.0,David Hess,-0.04855220392346382
605309.0,52.0,19,38,19,3.2884615384615383,1.0961538461538463,605309.0,Keone Kela,-0.03600359708070755
605347.0,53.66666666666667,22,57,30,5.0310559006211175,1.4720496894409936,605347.0,Jorge Lopez,0.06306763738393784
605388.0,49.333333333333336,22,49,21,3.8310810810810807,1.439189189189189,605388.0,Adam Morgan,0.031499650329351425
605397.0,115.33333333333333,23,113,52,4.057803468208093,1.1791907514450868,605397.0,Joe Musgrove,-0.05788157135248184
605400.0,212.33333333333334,58,149,56,2.3736263736263736,0.9748822605965463,605400.0,Aaron Nola,-0.043337903916835785
605446.0,118.33333333333333,36,98,37,2.8140845070422538,1.1323943661971831,605446.0,Dereck Rodriguez,-0.052181027829647064
605483.0,180.66666666666666,64,112,38,1.892988929889299,0.974169741697417,605483.0,Blake Snell,-0.08013439178466797
605488.0,32.0,14,32,12,3.375,1.4375,605488.0,Jeffrey Springs,-0.0065712695941329
605498.0,160.33333333333334,45,163,80,4.49064449064449,1.2972972972972971,605498.0,Andrew Suarez,-0.03873521834611893
605538.0,40.0,7,41,19,4.2749999999999995,1.2,605538.0,Matt Wisler,-0.0249909907579422
605540.0,42.333333333333336,14,36,17,3.6141732283464565,1.1811023622047243,605540.0,Brandon Woodruff,-0.04388460889458656
605541.0,84.33333333333333,36,101,52,5.549407114624506,1.624505928853755,605541.0,Mike Wright,0.022207992151379585
606131.0,44.666666666666664,22,62,35,7.052238805970149,1.8805970149253732,606131.0,Luis Perdomo,0.09327392280101776
606162.0,65.33333333333333,36,64,43,5.923469387755102,1.5306122448979593,606162.0,Yefry Ramirez,0.004192847292870283
606167.0,22.333333333333332,9,17,5,2.0149253731343286,1.164179104477612,606167.0,Adalberto Mejia,-0.07572512328624725
606273.0,51.0,16,46,15,2.6470588235294117,1.2156862745098038,606273.0,Roenis Elias,0.002932516857981682
606424.0,66.0,28,59,36,4.909090909090908,1.3181818181818181,606424.0,Jarlin Garcia,-0.011517473496496677
606930.0,48.666666666666664,23,51,18,3.3287671232876717,1.5205479452054795,606930.0,Jacob Barnes,0.06628337502479553
606965.0,47.333333333333336,13,42,22,4.183098591549296,1.1619718309859155,606965.0,Chris Devenski,0.004812141414731741
607074.0,120.66666666666667,55,97,56,4.176795580110497,1.2596685082872927,607074.0,Carlos Rodon,-0.05375959724187851
607188.0,65.0,33,60,39,5.3999999999999995,1.4307692307692308,607188.0,Jake Faria,-0.007952163927257061
607192.0,111.66666666666666,53,89,53,4.271641791044776,1.2716417910447761,607192.0,Tyler Glasnow,-0.023445231840014458
607200.0,50.333333333333336,22,55,31,5.543046357615894,1.529801324503311,607200.0,Erick Fedde,-0.013783828355371952
607215.0,70.0,19,66,40,5.142857142857142,1.2142857142857142,607215.0,Eric Skoglund,-0.04653233289718628
607219.0,145.66666666666666,53,155,86,5.31350114416476,1.4279176201372998,607219.0,Sal Romano,-0.029524073004722595
607229.0,80.0,28,76,38,4.2749999999999995,1.3,607229.0,Robert Gsellman,-0.038197729736566544
607231.0,114.0,57,91,44,3.4736842105263155,1.2982456140350878,607231.0,John Gant,0.014421329833567142
607237.0,63.0,25,56,30,4.285714285714286,1.2857142857142858,607237.0,Amir Garrett,-0.04399075731635094
607352.0,72.0,24,96,48,6.0,1.6666666666666667,607352.0,Joe Biagini,0.017938673496246338
607374.0,76.0,31,68,40,4.7368421052631575,1.3026315789473684,607374.0,Nick Tropeano,0.006013111677020788
607457.0,55.666666666666664,34,40,26,4.203592814371258,1.3293413173652695,607457.0,Kyle Barraclough,-0.08063988387584686
607536.0,202.33333333333334,70,182,64,2.846787479406919,1.2454695222405272,607536.0,Kyle Freeland,-0.010137511417269707
607625.0,101.33333333333333,28,81,30,2.6644736842105265,1.0756578947368423,607625.0,Seth Lugo,-0.01528151985257864
608331.0,33.666666666666664,20,26,11,2.9405940594059405,1.3663366336633664,608331.0,Max Fried,-0.01557220984250307
608334.0,32.333333333333336,24,37,29,8.072164948453608,1.8865979381443299,608334.0,Carson Fulmer,0.02161393128335476
608337.0,173.33333333333334,90,166,118,6.1269230769230765,1.4769230769230768,608337.0,Lucas Giolito,-0.015415219590067863
608349.0,55.333333333333336,22,38,22,3.5783132530120483,1.0843373493975903,608349.0,Corey Knebel,-0.06112700700759888
608379.0,84.33333333333333,36,68,30,3.2015810276679844,1.233201581027668,608379.0,Michael Wacha,0.01357666403055191
608566.0,196.0,57,179,82,3.7653061224489797,1.2040816326530612,608566.0,German Marquez,-0.055563945323228836
608638.0,32.333333333333336,15,26,12,3.34020618556701,1.268041237113402,608638.0,JT Chargois,0.027406487613916397
608648.0,25.0,4,26,20,7.2,1.2,608648.0,Tyler Duffey,-0.015716593712568283
608665.0,34.333333333333336,13,44,29,7.601941747572815,1.6601941747572815,608665.0,Kendall Graveman,0.003398982109501958
608678.0,24.0,8,27,12,4.5,1.4583333333333333,608678.0,Dominic Leone,-0.033202458173036575
608716.0,64.66666666666667,27,55,28,3.896907216494845,1.268041237113402,608716.0,Drew Steckenrider,-0.03956735506653786
608717.0,145.0,54,153,82,5.089655172413793,1.4275862068965517,608717.0,Chris Stratton,0.012778282165527344
608718.0,101.33333333333333,19,102,50,4.440789473684211,1.194078947368421,608718.0,Brent Suter,-0.006893870886415243
611093.0,31.0,12,25,11,3.1935483870967745,1.1935483870967742,611093.0,Silvino Bracho,-0.023031314834952354
612434.0,86.33333333333333,50,75,38,3.9613899613899615,1.4478764478764479,612434.0,Miguel Castro,-0.030796008184552193
612672.0,133.33333333333334,47,131,71,4.7924999999999995,1.335,612672.0,Wei-Yin Chen,-0.02664005570113659
620454.0,38.333333333333336,12,23,14,3.2869565217391306,0.9130434782608695,620454.0,Jose Castillo,-0.0755564421415329
621107.0,128.0,37,130,62,4.359375,1.3046875,621107.0,Zach Eflin,0.00776691734790802
621111.0,137.33333333333334,37,95,40,2.6213592233009706,0.9611650485436892,621111.0,Walker Buehler,-0.10137993842363358
621112.0,27.666666666666668,6,33,22,7.156626506024097,1.4096385542168675,621112.0,Paul Blackburn,0.043949421495199203
621121.0,128.33333333333334,50,100,55,3.8571428571428568,1.1688311688311688,621121.0,Lance McCullers Jr.,-0.004906299524009228
621199.0,23.0,11,29,16,6.260869565217391,1.7391304347826086,621199.0,Matt Bowman,0.023104725405573845
621237.0,64.0,29,42,17,2.390625,1.109375,621237.0,Jose Alvarado,-0.039868324995040894
621242.0,73.33333333333333,17,41,16,1.9636363636363638,0.790909090909091,621242.0,Edwin Diaz,-0.04751692712306976
621244.0,192.33333333333334,61,159,82,3.8370883882149043,1.143847487001733,621244.0,Jose Berrios,0.009804470464587212
621261.0,64.66666666666667,20,69,42,5.845360824742267,1.3762886597938144,621261.0,Corey Oswalt,-0.007680736482143402
621345.0,61.333333333333336,22,57,22,3.2282608695652173,1.2880434782608696,621345.0,A.J. Minter,0.024532075971364975
621366.0,97.66666666666667,33,96,42,3.8703071672354943,1.3208191126279862,621366.0,Ryan Borucki,-0.034534428268671036
621381.0,61.333333333333336,21,39,14,2.0543478260869565,0.9782608695652174,621381.0,Matt Strahm,-0.03955480083823204
621389.0,118.66666666666667,41,133,56,4.247191011235955,1.4662921348314606,621389.0,Ty Blach,0.00946078635752201
622072.0,151.66666666666666,40,143,62,3.6791208791208794,1.2065934065934067,622072.0,Alex Wood,-0.02353154495358467
622491.0,169.66666666666666,49,158,81,4.296660117878193,1.2200392927308448,622491.0,Luis Castillo,0.006022857502102852
622554.0,58.0,22,32,19,2.9482758620689653,0.9310344827586207,622554.0,Seranthony Dominguez,-0.04155008867383003
622608.0,90.33333333333333,30,94,44,4.3837638376383765,1.3726937269372694,622608.0,Antonio Senzatela,-0.04137245565652847
622663.0,191.33333333333334,46,173,72,3.386759581881533,1.1445993031358885,622663.0,Luis Severino,0.025070825591683388
622795.0,27.666666666666668,15,28,17,5.53012048192771,1.5542168674698795,622795.0,Yohander Mendez,-0.006078716833144426
622864.0,55.666666666666664,19,60,29,4.688622754491018,1.4191616766467066,622864.0,Fernando Romero,-0.04828738793730736
623149.0,56.333333333333336,23,62,38,6.071005917159764,1.5088757396449703,623149.0,Paul Sewald,0.01352345198392868
623184.0,58.666666666666664,12,46,16,2.454545454545455,0.9886363636363636,623184.0,Scott Oberg,-0.03857040777802467
623352.0,81.33333333333333,30,36,22,2.434426229508197,0.8114754098360656,623352.0,Josh Hader,-0.07488466054201126
623430.0,25.333333333333332,7,22,12,4.2631578947368425,1.1447368421052633,623430.0,Ryan Dull,-0.0350847952067852
623451.0,38.333333333333336,15,50,21,4.930434782608695,1.6956521739130435,623451.0,Jackson Stephens,0.04852405935525894
624427.0,24.666666666666668,22,28,18,6.5675675675675675,2.0270270270270268,624427.0,Stephen Gonsalves,0.06996563822031021
625643.0,188.66666666666666,75,165,82,3.9116607773851593,1.2720848056537104,625643.0,Reynaldo Lopez,-0.021031899377703667
628317.0,125.33333333333333,43,115,53,3.8058510638297878,1.2606382978723405,628317.0,Kenta Maeda,0.04236026480793953
628333.0,39.0,19,52,29,6.6923076923076925,1.8205128205128205,628333.0,Odrisamer Despaigne,-0.00046354380901902914
628452.0,72.0,25,52,19,2.375,1.0694444444444444,628452.0,Raisel Iglesias,-0.052338335663080215
630023.0,89.66666666666667,25,84,35,3.5130111524163565,1.2156133828996283,630023.0,Yonny Chirinos,0.0042526088654994965
640455.0,160.66666666666666,32,141,64,3.5850622406639006,1.0767634854771786,640455.0,Sean Manaea,-0.026361167430877686
640464.0,36.666666666666664,18,34,15,3.681818181818182,1.4181818181818182,640464.0,Kohl Stewart,-0.025208687409758568
641154.0,58.666666666666664,18,56,27,4.142045454545455,1.2613636363636365,641154.0,Pablo Lopez,-0.028736000880599022
641571.0,82.33333333333333,32,78,39,4.2631578947368425,1.3360323886639678,641571.0,Heath Fillmyer,-0.026312267407774925
641712.0,46.0,18,38,21,4.108695652173913,1.2173913043478262,641712.0,Dakota Hudson,-0.015652628615498543
641745.0,140.33333333333334,50,133,48,3.078384798099762,1.3040380047505937,641745.0,Brad Keller,-0.030384179204702377
641771.0,85.0,33,89,43,4.552941176470588,1.4352941176470588,641771.0,Chad Kuhl,-0.006346955895423889
641778.0,112.0,46,127,54,4.339285714285714,1.5446428571428572,641778.0,Eric Lauer,-0.006908575538545847
641816.0,112.0,53,125,62,4.982142857142858,1.5892857142857142,641816.0,Tyler Mahle,0.020062241703271866
641941.0,62.0,19,55,30,4.35483870967742,1.1935483870967742,641941.0,Emilio Pagan,-0.033761847764253616
642003.0,43.0,15,45,19,3.9767441860465116,1.3953488372093024,642003.0,Cody Reed,-0.05136222764849663
642152.0,74.0,31,53,24,2.9189189189189193,1.135135135135135,642152.0,Lou Trivino,-0.027860542759299278
642232.0,147.33333333333334,50,140,64,3.9095022624434383,1.2895927601809953,642232.0,Ryan Yarbrough,-0.004956644959747791
642528.0,24.666666666666668,12,26,14,5.108108108108108,1.5405405405405406,642528.0,Jonathan Loaisiga,0.07456760853528976
642545.0,129.33333333333334,47,117,49,3.4097938144329896,1.268041237113402,642545.0,Jaime Barria,-0.02835601009428501
642547.0,78.33333333333333,40,49,37,4.251063829787234,1.1361702127659574,642547.0,Freddy Peralta,-0.03145333379507065
642558.0,54.666666666666664,18,66,36,5.926829268292683,1.5365853658536586,642558.0,Ariel Jurado,-0.027127288281917572
643230.0,91.66666666666667,57,84,47,4.614545454545454,1.538181818181818,643230.0,Steven Brault,-0.019325828179717064
643327.0,178.33333333333334,81,177,94,4.74392523364486,1.4467289719626168,643327.0,Zack Godley,-0.008964862674474716
643338.0,75.66666666666667,15,64,21,2.497797356828194,1.0440528634361232,643338.0,Chad Green,-0.005028951913118362
643410.0,23.333333333333336,12,35,20,7.7142857142857135,2.0142857142857142,643410.0,Mark Leiter Jr.,0.019289713352918625
643493.0,69.66666666666667,16,72,36,4.650717703349281,1.263157894736842,643493.0,Austin Pruitt,-0.002151673659682274
644364.0,59.333333333333336,17,54,18,2.730337078651685,1.196629213483146,644364.0,Victor Arano,-0.02511129342019558
645261.0,34.0,23,25,13,3.441176470588235,1.411764705882353,645261.0,Sandy Alcantara,-0.001833364018239081
647336.0,25.666666666666668,7,30,10,3.506493506493506,1.4415584415584415,647336.0,Mike Soroka,0.0007092690211720765
650895.0,56.666666666666664,18,36,20,3.1764705882352944,0.9529411764705883,650895.0,Diego Castillo,-0.11617609113454819
656186.0,20.666666666666668,15,11,6,2.612903225806451,1.2580645161290323,656186.0,Dan Altavilla,0.021432792767882347
656427.0,151.0,59,108,56,3.337748344370861,1.1059602649006623,656427.0,Jack Flaherty,-0.06140371784567833
656547.0,66.0,19,53,23,3.1363636363636367,1.0909090909090908,656547.0,Jonathan Holder,-0.06406348198652267
656756.0,27.333333333333332,12,25,11,3.6219512195121952,1.353658536585366,656756.0,Jordan Montgomery,0.001675147796049714
656794.0,164.0,81,137,71,3.8963414634146343,1.329268292682927,656794.0,Sean Newcomb,-0.04419274255633354
656798.0,42.333333333333336,13,52,33,7.015748031496063,1.5354330708661417,656798.0,Jacob Nix,-0.013243556953966618
656887.0,33.333333333333336,21,31,19,5.13,1.5599999999999998,656887.0,Sean Reid-Foley,0.026815496385097504
657053.0,29.0,21,18,13,4.0344827586206895,1.3448275862068966,657053.0,Touki Toussaint,-0.02508033812046051
657571.0,49.0,12,43,19,3.4897959183673466,1.1224489795918366,657571.0,Caleb Ferguson,0.006596953608095646
657610.0,73.0,26,75,44,5.424657534246575,1.3835616438356164,657610.0,Trevor Hildenberger,-0.025892414152622223
657624.0,23.0,7,15,6,2.3478260869565215,0.9565217391304348,657624.0,Josh James,0.014812490902841091
660271.0,51.666666666666664,22,38,19,3.3096774193548386,1.1612903225806452,660271.0,Shohei Ohtani,-0.0444675087928772
663855.0,77.66666666666667,45,59,31,3.5922746781115875,1.3390557939914163,663855.0,Jordan Hicks,0.00231200666166842
664028.0,26.666666666666668,12,36,20,6.75,1.7999999999999998,664028.0,Brett Kennedy,-0.0390496701002121
664192.0,130.0,43,125,59,4.084615384615384,1.2923076923076924,664192.0,Joey Lucchesi,0.015730055049061775
664208.0,47.333333333333336,23,50,23,4.373239436619718,1.5422535211267605,664208.0,Phil Maton,-0.013011641800403595
664285.0,37.0,24,22,9,2.1891891891891895,1.2432432432432432,664285.0,Framber Valdez,-0.022072263062000275
669203.0,38.0,11,27,11,2.605263157894737,1.0,669203.0,Corbin Burnes,-0.07989486306905746
669456.0,114.66666666666667,23,130,58,4.552325581395349,1.3343023255813953,669456.0,Shane Bieber,0.017369354143738747
670950.0,126.33333333333333,54,121,62,4.41688654353562,1.3852242744063326,670950.0,Trevor Richards,-0.06580455601215363
673633.0,66.33333333333333,23,49,18,2.442211055276382,1.085427135678392,673633.0,Yoshihisa Hirano,-0.03792724385857582
